artist_name,danceability,energy,acousticness,valence
Nucleya,0.7859,1.0,0.0309,0.5631
Jubin Nautiyal,0.4628,0.4383,0.535,0.4649
Pritam,0.7728,0.8397,0.0568,0.5651
AP Dhillon,0.5476,0.5246,0.0211,0.2533
Pritam,0.7669,0.9259,0.0745,0.5209
Pritam,0.6904,0.8652,0.0765,0.5758
AP Dhillon,0.7052,0.4686,0.0854,0.1122
Yo Yo Honey Singh,0.6984,0.7339,0.0404,0.6521
Arijit Singh,0.3337,0.3464,0.4931,0.2083
Pritam,0.6852,0.7341,0.1197,0.5882
Arijit Singh,0.3564,0.4153,0.7245,0.2046
Pritam,0.7217,0.7236,0.0893,0.5108
Shankar-Ehsaan-Loy,0.7377,0.7827,0.1338,0.716
Shreya Ghoshal,0.53,0.423,0.8004,0.5038
Jubin Nautiyal,0.5431,0.3904,0.6517,0.4415
Jubin Nautiyal,0.4899,0.1852,0.7262,0.3902
A.R. Rahman,0.4342,0.5232,0.4502,0.6075
Arijit Singh,0.3681,0.2955,0.6796,0.3329
Yo Yo Honey Singh,0.8797,0.8052,0.0686,0.7044
Nucleya,0.5675,0.9672,0.0405,0.5078
A.R. Rahman,0.6257,0.495,0.5098,0.7063
Yo Yo Honey Singh,0.7365,0.8768,0.0378,0.7379
Nucleya,0.6609,0.944,0.0209,0.5114
Shankar-Ehsaan-Loy,0.7053,0.762,0.1189,0.6348
Nucleya,0.666,0.9122,0.0341,0.4522
Arijit Singh,0.2943,0.4312,0.712,0.3666
Shankar-Ehsaan-Loy,0.8033,0.8211,0.1289,0.6878
AP Dhillon,0.5463,0.5414,0.0838,0.2363
A.R. Rahman,0.5432,0.5667,0.3843,0.6487
Arijit Singh,0.3783,0.2799,0.8,0.3326
A.R. Rahman,0.5884,0.5796,0.45,0.6262
AP Dhillon,0.5201,0.414,0.0162,0.244
Shreya Ghoshal,0.4641,0.5053,0.9043,0.6185
AP Dhillon,0.5374,0.4557,0.1498,0.2056
Shankar-Ehsaan-Loy,0.6588,0.7436,0.1488,0.6046
Shreya Ghoshal,0.6141,0.4164,0.7575,0.444
Yo Yo Honey Singh,0.7327,0.7859,0.0501,0.7517
Pritam,0.7737,0.6763,0.0772,0.6011
Shankar-Ehsaan-Loy,0.6897,0.773,0.0836,0.7504
Jubin Nautiyal,0.4074,0.3058,0.5576,0.4297
Arijit Singh,0.3281,0.3386,0.6587,0.1832
Nucleya,0.6364,0.8849,0.0333,0.3933
Jubin Nautiyal,0.4749,0.3497,0.6427,0.4445
Shreya Ghoshal,0.5419,0.4453,0.8295,0.5132
Badshah,0.8563,0.7967,0.0519,0.8242
AP Dhillon,0.7306,0.4338,0.0623,0.3296
Shreya Ghoshal,0.5126,0.3905,0.8484,0.4819
AP Dhillon,0.6684,0.5086,0.1143,0.1591
Arijit Singh,0.3857,0.3897,0.831,0.1934
Yo Yo Honey Singh,0.7259,0.733,0.0427,0.7004
Badshah,0.8274,0.7818,0.066,0.7926
Jubin Nautiyal,0.429,0.3313,0.5946,0.2571
Badshah,0.8718,0.8305,0.0518,0.9109
Jubin Nautiyal,0.4081,0.3035,0.5364,0.3611
AP Dhillon,0.6097,0.5259,0.1138,0.282
Yo Yo Honey Singh,0.8098,0.8269,0.0284,0.7154
Pritam,0.8289,0.7858,0.0917,0.4446
Yo Yo Honey Singh,0.8342,0.7789,0.0595,0.6521
Shankar-Ehsaan-Loy,0.7556,0.7512,0.0524,0.6765
Jubin Nautiyal,0.46,0.2974,0.543,0.441
Badshah,0.804,0.7792,0.069,0.8703
A.R. Rahman,0.585,0.4881,0.4894,0.432
Yo Yo Honey Singh,0.8352,0.9249,0.0354,0.6356
Shankar-Ehsaan-Loy,0.6736,0.7306,0.1237,0.7276
Nucleya,0.7385,0.9204,0.0158,0.5782
Nucleya,0.7063,0.9533,0.0428,0.5062
AP Dhillon,0.6132,0.4105,0.1458,0.1916
Badshah,0.8062,0.8056,0.0875,0.871
Arijit Singh,0.3148,0.3902,0.7457,0.2142
Badshah,0.7933,0.7802,0.0627,0.8213
Badshah,0.8688,0.8063,0.0113,0.8542
Jubin Nautiyal,0.4562,0.3226,0.5474,0.2884
Pritam,0.855,0.8312,0.1293,0.6274
Shankar-Ehsaan-Loy,0.7714,0.7211,0.113,0.5537
A.R. Rahman,0.634,0.5629,0.4271,0.6923
Jubin Nautiyal,0.486,0.3155,0.5987,0.4225
Yo Yo Honey Singh,0.8479,0.8332,0.0195,0.7429
A.R. Rahman,0.5423,0.5283,0.5274,0.5705
Jubin Nautiyal,0.4333,0.3307,0.5251,0.4454
Nucleya,0.6167,0.9173,0.0292,0.5616
Arijit Singh,0.39,0.314,0.7249,0.253
AP Dhillon,0.6567,0.5771,0.1433,0.3442
Badshah,0.8641,0.7474,0.0935,0.8421
Badshah,0.908,0.8387,0.0583,0.914
Yo Yo Honey Singh,0.6938,0.8207,0.0827,0.7369
Badshah,0.7972,0.8833,0.0608,0.8746
Yo Yo Honey Singh,0.7959,0.8496,0.0549,0.7379
Shreya Ghoshal,0.5383,0.4501,0.6919,0.512
Jubin Nautiyal,0.5217,0.2727,0.6012,0.3472
Yo Yo Honey Singh,0.756,0.8135,0.0357,0.6493
Badshah,0.8808,0.8269,0.0315,0.8397
Yo Yo Honey Singh,0.7456,0.928,0.075,0.7181
Jubin Nautiyal,0.4375,0.3637,0.5014,0.4268
Jubin Nautiyal,0.4675,0.2816,0.5874,0.3066
Nucleya,0.6541,0.8352,0.0226,0.4751
Nucleya,0.8222,0.9758,0.0324,0.5241
A.R. Rahman,0.5063,0.5852,0.4116,0.4236
Pritam,0.8367,0.8361,0.0662,0.638
Badshah,0.9056,0.8065,0.0588,0.8423
Nucleya,0.7782,0.8627,0.0171,0.3707
AP Dhillon,0.7016,0.4119,0.1566,0.2913
AP Dhillon,0.6509,0.5061,0.1378,0.2634
Shreya Ghoshal,0.5199,0.4314,0.8426,0.5195
Pritam,0.858,0.8025,0.0825,0.6026
Jubin Nautiyal,0.4571,0.3528,0.6199,0.4313
AP Dhillon,0.5823,0.5297,0.184,0.0948
A.R. Rahman,0.5076,0.7376,0.6194,0.5387
Jubin Nautiyal,0.5264,0.3518,0.5827,0.4084
A.R. Rahman,0.5148,0.6211,0.4835,0.5812
Shreya Ghoshal,0.4035,0.4311,0.9214,0.5505
A.R. Rahman,0.537,0.6248,0.4555,0.6975
Badshah,0.8672,0.8938,0.0672,0.7951
Shankar-Ehsaan-Loy,0.634,0.7976,0.0881,0.6628
Yo Yo Honey Singh,0.8584,0.7612,0.0229,0.6958
A.R. Rahman,0.526,0.6136,0.383,0.5835
Jubin Nautiyal,0.4156,0.274,0.5899,0.2762
Shankar-Ehsaan-Loy,0.5965,0.6001,0.108,0.7226
AP Dhillon,0.582,0.3664,0.1003,0.3201
Jubin Nautiyal,0.4239,0.3175,0.673,0.4389
Yo Yo Honey Singh,0.7431,0.7589,0.0661,0.7283
Nucleya,0.6403,0.8994,0.0254,0.5271
Shankar-Ehsaan-Loy,0.5689,0.5922,0.1155,0.6734
Shankar-Ehsaan-Loy,0.6661,0.721,0.0288,0.5239
Shreya Ghoshal,0.5674,0.4769,0.7536,0.5785
Jubin Nautiyal,0.4547,0.2622,0.6127,0.3975
Badshah,0.8576,0.81,0.0683,0.8784
Shreya Ghoshal,0.5835,0.405,0.8173,0.5682
AP Dhillon,0.7126,0.5219,0.1544,0.3527
Shankar-Ehsaan-Loy,0.6987,0.7512,0.0072,0.7348
Jubin Nautiyal,0.411,0.3594,0.6969,0.4276
Nucleya,0.6416,0.9793,0.0227,0.3881
Nucleya,0.6438,0.9201,0.0194,0.46
A.R. Rahman,0.6385,0.5323,0.5035,0.616
Shreya Ghoshal,0.4863,0.3603,0.6463,0.5366
AP Dhillon,0.684,0.5316,0.1792,0.1675
Pritam,0.7315,0.7738,0.0481,0.5993
Nucleya,0.6673,0.9417,0.0266,0.5002
Nucleya,0.6319,0.8998,0.022,0.4415
Yo Yo Honey Singh,0.877,0.8786,0.0344,0.7938
Badshah,0.8537,0.7916,0.0918,0.8638
Pritam,0.7367,0.7059,0.0555,0.5206
Jubin Nautiyal,0.4307,0.3235,0.5831,0.3897
Yo Yo Honey Singh,0.764,0.7538,0.0149,0.7071
AP Dhillon,0.6067,0.471,0.0961,0.1621
Badshah,0.836,0.8456,0.0615,0.8684
Shreya Ghoshal,0.6448,0.4671,0.7988,0.5316
A.R. Rahman,0.4986,0.6066,0.4966,0.7165
Pritam,0.8693,0.7457,0.1287,0.6268
Jubin Nautiyal,0.3676,0.2201,0.6108,0.3649
Arijit Singh,0.3736,0.2927,0.6075,0.2942
Yo Yo Honey Singh,0.7451,0.8344,0.0382,0.6928
AP Dhillon,0.6201,0.5148,0.0703,0.1789
A.R. Rahman,0.5978,0.5833,0.5458,0.7891
Shankar-Ehsaan-Loy,0.6846,0.7714,0.1033,0.6773
Jubin Nautiyal,0.4882,0.4405,0.541,0.3041
Arijit Singh,0.4218,0.2822,0.7571,0.3809
Shreya Ghoshal,0.4738,0.416,0.926,0.5327
Yo Yo Honey Singh,0.7881,0.8233,0.0504,0.6552
Shreya Ghoshal,0.4089,0.3986,0.8534,0.5903
Yo Yo Honey Singh,0.7849,0.8673,0.0361,0.8083
A.R. Rahman,0.5975,0.5758,0.4336,0.6585
AP Dhillon,0.5481,0.4896,0.1451,0.3757
Arijit Singh,0.4614,0.2672,0.6008,0.2761
Shankar-Ehsaan-Loy,0.6411,0.6935,0.1098,0.6238
Nucleya,0.7222,0.9169,0.0272,0.4711
Badshah,0.7711,0.8193,0.054,0.7884
Yo Yo Honey Singh,0.7657,0.8582,0.0614,0.6428
Pritam,0.7453,0.8526,0.1259,0.5943
Jubin Nautiyal,0.4483,0.3546,0.6002,0.5719
Yo Yo Honey Singh,0.8803,0.696,0.0641,0.6638
Shankar-Ehsaan-Loy,0.5883,0.7671,0.0662,0.7187
A.R. Rahman,0.5938,0.6708,0.4126,0.6099
Nucleya,0.63,0.8928,0.022,0.5154
Nucleya,0.6498,0.9672,0.0431,0.5691
Shreya Ghoshal,0.4363,0.4457,0.7888,0.619
Pritam,0.764,0.8179,0.1009,0.6195
A.R. Rahman,0.5551,0.5671,0.4529,0.597
Pritam,0.7307,0.749,0.0527,0.7179
AP Dhillon,0.6789,0.4966,0.1108,0.225
Yo Yo Honey Singh,0.7606,0.8102,0.0536,0.7778
Pritam,0.758,0.7098,0.076,0.6364
A.R. Rahman,0.6093,0.4298,0.4521,0.5518
Nucleya,0.7343,0.911,0.0444,0.4437
Shankar-Ehsaan-Loy,0.6531,0.7659,0.094,0.5915
AP Dhillon,0.6768,0.4973,0.0991,0.1082
A.R. Rahman,0.5074,0.5569,0.4161,0.6667
Nucleya,0.6422,0.9855,0.0222,0.5588
Yo Yo Honey Singh,0.8191,0.7344,0.0321,0.7175
Shankar-Ehsaan-Loy,0.5838,0.7901,0.1269,0.7069
Pritam,0.7404,0.7291,0.0492,0.5739
A.R. Rahman,0.6068,0.5081,0.5255,0.723
Jubin Nautiyal,0.4226,0.3125,0.5575,0.5454
Pritam,0.7072,0.7623,0.043,0.6667
Jubin Nautiyal,0.4998,0.2538,0.5409,0.4264
Arijit Singh,0.3358,0.3592,0.7241,0.2
Shreya Ghoshal,0.5582,0.4456,0.7612,0.6743
Shankar-Ehsaan-Loy,0.7422,0.6848,0.1502,0.7462
AP Dhillon,0.5936,0.4946,0.1413,0.2793
A.R. Rahman,0.5376,0.4761,0.4207,0.5772
Badshah,0.8135,0.9033,0.052,0.8265
Nucleya,0.695,0.9523,0.0274,0.4381
Shreya Ghoshal,0.4286,0.5186,0.746,0.5947
Arijit Singh,0.3259,0.387,0.7615,0.2583
A.R. Rahman,0.3933,0.4303,0.4115,0.6366
Shreya Ghoshal,0.5101,0.4991,0.7396,0.6298
Jubin Nautiyal,0.4377,0.3422,0.5631,0.4246
Badshah,0.7694,0.826,0.0554,0.8558
Pritam,0.7073,0.8014,0.0289,0.5607
Shankar-Ehsaan-Loy,0.6726,0.6845,0.1094,0.7525
Arijit Singh,0.3449,0.3303,0.6926,0.1776
Yo Yo Honey Singh,0.8118,0.753,0.0323,0.7077
Arijit Singh,0.4861,0.4119,0.6136,0.2461
Jubin Nautiyal,0.4056,0.4426,0.6487,0.3773
Arijit Singh,0.3312,0.4132,0.6535,0.4643
A.R. Rahman,0.5433,0.4579,0.4536,0.5334
Nucleya,0.675,0.946,0.0242,0.6962
Shankar-Ehsaan-Loy,0.6846,0.7361,0.1557,0.7388
Jubin Nautiyal,0.4429,0.3434,0.687,0.4355
Shreya Ghoshal,0.5778,0.4186,0.74,0.5147
Pritam,0.7001,0.8244,0.0886,0.5897
AP Dhillon,0.6897,0.6192,0.0381,0.125
Arijit Singh,0.408,0.4148,0.7784,0.3121
Shreya Ghoshal,0.5503,0.383,0.7665,0.473
Shankar-Ehsaan-Loy,0.673,0.7318,0.0912,0.7336
Nucleya,0.7434,0.9587,0.0372,0.6456
Nucleya,0.8426,0.9408,0.0321,0.5492
Shreya Ghoshal,0.4988,0.4018,0.848,0.4369
Arijit Singh,0.3003,0.314,0.7204,0.2833
Yo Yo Honey Singh,0.8545,0.9183,0.0112,0.7065
Jubin Nautiyal,0.3592,0.3882,0.5286,0.3433
Nucleya,0.7286,0.891,0.0305,0.51
Jubin Nautiyal,0.5663,0.3035,0.5457,0.4731
Yo Yo Honey Singh,0.8596,0.7927,0.0,0.636
Badshah,0.8774,0.8242,0.0708,0.8353
Yo Yo Honey Singh,0.7674,0.7694,0.0294,0.8012
Jubin Nautiyal,0.4065,0.382,0.5376,0.5278
Shankar-Ehsaan-Loy,0.648,0.7639,0.1458,0.6256
AP Dhillon,0.6508,0.6758,0.028,0.2477
Pritam,0.7006,0.7601,0.096,0.6064
Shreya Ghoshal,0.4812,0.42,0.725,0.5923
A.R. Rahman,0.4542,0.759,0.5329,0.6085
Badshah,0.9232,0.8155,0.0827,0.8123
Shreya Ghoshal,0.5013,0.4338,0.7244,0.5069
AP Dhillon,0.7439,0.4336,0.0783,0.3035
Pritam,0.7266,0.7897,0.0396,0.6011
Arijit Singh,0.4782,0.3521,0.671,0.295
AP Dhillon,0.6268,0.4312,0.1761,0.4124
Nucleya,0.7238,0.9757,0.0302,0.5254
AP Dhillon,0.5657,0.6338,0.056,0.2633
Pritam,0.7549,0.7379,0.1025,0.6458
Shankar-Ehsaan-Loy,0.6311,0.7918,0.0793,0.6738
Jubin Nautiyal,0.3806,0.3455,0.6244,0.429
Shankar-Ehsaan-Loy,0.6892,0.8143,0.0648,0.7044
Shreya Ghoshal,0.4527,0.3827,0.7899,0.517
Badshah,0.8733,0.7981,0.0942,0.8462
Shankar-Ehsaan-Loy,0.6346,0.6681,0.061,0.7292
Shreya Ghoshal,0.3965,0.3793,0.8716,0.4813
A.R. Rahman,0.495,0.4895,0.4843,0.6577
Nucleya,0.7038,0.9268,0.0215,0.5486
Pritam,0.7447,0.8323,0.0699,0.5061
Arijit Singh,0.4213,0.3988,0.8114,0.2815
Nucleya,0.7367,0.8979,0.0113,0.6636
Arijit Singh,0.385,0.3198,0.6115,0.2848
Badshah,0.8009,0.8503,0.0978,0.7758
Shankar-Ehsaan-Loy,0.7242,0.8263,0.0956,0.6528
Badshah,0.7922,0.8803,0.0486,0.8021
Jubin Nautiyal,0.4898,0.2922,0.4805,0.5051
Arijit Singh,0.3666,0.2836,0.9001,0.2841
Jubin Nautiyal,0.5123,0.3398,0.6522,0.296
Shankar-Ehsaan-Loy,0.7079,0.6384,0.1018,0.7191
Pritam,0.7286,0.7661,0.0489,0.5858
Nucleya,0.6525,0.8793,0.0386,0.5648
Shreya Ghoshal,0.4417,0.3372,0.7624,0.6104
Yo Yo Honey Singh,0.8499,0.8591,0.0387,0.6985
Nucleya,0.8033,0.9259,0.0158,0.4486
Nucleya,0.641,0.9069,0.05,0.4754
A.R. Rahman,0.6725,0.7105,0.3566,0.6552
Shreya Ghoshal,0.522,0.5303,0.7866,0.5255
Badshah,0.9147,0.845,0.077,0.8812
Jubin Nautiyal,0.371,0.2935,0.5777,0.5256
Nucleya,0.6697,0.9775,0.0317,0.501
Badshah,0.9097,0.8891,0.0533,0.7303
A.R. Rahman,0.5623,0.8388,0.4894,0.5749
Pritam,0.7172,0.7494,0.1136,0.6009
Pritam,0.8791,0.8214,0.1148,0.5646
Arijit Singh,0.2787,0.3612,0.6737,0.3397
Jubin Nautiyal,0.4099,0.346,0.4685,0.4308
Yo Yo Honey Singh,0.7682,0.7717,0.0774,0.6689
Arijit Singh,0.3505,0.401,0.745,0.2315
Arijit Singh,0.3685,0.3918,0.8494,0.3589
Pritam,0.8045,0.7239,0.057,0.6048
Badshah,0.9048,0.891,0.0566,0.8749
Badshah,0.9009,0.8324,0.0485,0.8059
Yo Yo Honey Singh,0.6874,0.8168,0.0345,0.7782
Shreya Ghoshal,0.4622,0.512,0.7679,0.4305
Jubin Nautiyal,0.4485,0.2593,0.5722,0.3367
Arijit Singh,0.4113,0.2986,0.645,0.3138
Yo Yo Honey Singh,0.8276,0.7633,0.034,0.6224
Nucleya,0.7085,0.9483,0.0418,0.5327
Shreya Ghoshal,0.492,0.3615,0.8664,0.5416
Shreya Ghoshal,0.4997,0.4601,0.7345,0.5229
Arijit Singh,0.379,0.357,0.8094,0.2386
Nucleya,0.7336,0.9457,0.0197,0.4613
Badshah,0.9004,0.8382,0.0876,0.7864
A.R. Rahman,0.5162,0.551,0.4993,0.5714
Nucleya,0.6671,0.776,0.023,0.4299
Shankar-Ehsaan-Loy,0.7171,0.7816,0.0924,0.6661
Pritam,0.6865,0.7169,0.0567,0.6055
AP Dhillon,0.7157,0.3968,0.0907,0.273
Arijit Singh,0.4196,0.2954,0.8182,0.1819
Shankar-Ehsaan-Loy,0.6242,0.8759,0.079,0.6823
Yo Yo Honey Singh,0.781,0.7365,0.0366,0.7559
Pritam,0.8131,0.7612,0.1205,0.6905
AP Dhillon,0.7136,0.5497,0.1415,0.2766
Shankar-Ehsaan-Loy,0.5603,0.7802,0.0175,0.6578
Shreya Ghoshal,0.4714,0.4725,0.8158,0.5636
Badshah,0.8379,0.7961,0.1058,0.9134
Badshah,0.8987,0.8598,0.0528,0.8571
Nucleya,0.7213,0.9023,0.0215,0.4485
Badshah,0.8802,0.8574,0.0362,0.8539
Arijit Singh,0.3807,0.4372,0.7015,0.4704
Yo Yo Honey Singh,0.7499,0.7539,0.0209,0.7511
Arijit Singh,0.3629,0.3277,0.6215,0.2256
Jubin Nautiyal,0.4041,0.3747,0.5594,0.4873
AP Dhillon,0.5861,0.6323,0.1225,0.3038
Shreya Ghoshal,0.4785,0.3811,0.8447,0.5373
Nucleya,0.7419,0.8636,0.0344,0.5681
A.R. Rahman,0.6287,0.5733,0.5052,0.5184
Yo Yo Honey Singh,0.8065,0.681,0.0034,0.757
A.R. Rahman,0.5143,0.6028,0.2609,0.5473
Shreya Ghoshal,0.4608,0.3102,0.8307,0.6462
Shreya Ghoshal,0.5417,0.4709,0.7824,0.545
Badshah,0.8674,0.8581,0.0941,0.7815
Shreya Ghoshal,0.4803,0.4562,0.7674,0.5386
Jubin Nautiyal,0.4178,0.2858,0.5679,0.5198
Yo Yo Honey Singh,0.7103,0.8542,0.0032,0.7739
Jubin Nautiyal,0.3802,0.3522,0.6638,0.3573
Arijit Singh,0.288,0.2732,0.6763,0.2818
Shankar-Ehsaan-Loy,0.6252,0.6806,0.134,0.7092
Yo Yo Honey Singh,0.7982,0.7573,0.0658,0.7233
Badshah,0.859,0.8313,0.0612,0.7898
Jubin Nautiyal,0.4463,0.3085,0.5886,0.438
Nucleya,0.6315,0.9043,0.0451,0.4136
AP Dhillon,0.5645,0.5584,0.1657,0.1418
Shreya Ghoshal,0.4808,0.4291,0.7499,0.6963
Yo Yo Honey Singh,0.8165,0.7593,0.0327,0.7503
Jubin Nautiyal,0.3877,0.3568,0.663,0.4503
Nucleya,0.7024,0.9267,0.0454,0.5195
Badshah,0.8982,0.8887,0.104,0.8022
AP Dhillon,0.6906,0.4409,0.045,0.2436
Arijit Singh,0.3539,0.4129,0.6707,0.1814
Shreya Ghoshal,0.5661,0.5375,0.7262,0.5848
Badshah,0.9179,0.8775,0.0565,0.8241
Yo Yo Honey Singh,0.705,0.7936,0.0123,0.7741
Arijit Singh,0.3839,0.2983,0.8266,0.3177
Shreya Ghoshal,0.4447,0.3598,0.8124,0.5549
Yo Yo Honey Singh,0.8594,0.7518,0.0317,0.6765
Yo Yo Honey Singh,0.7342,0.8655,0.0345,0.6797
Pritam,0.7919,0.7929,0.1159,0.4937
Shankar-Ehsaan-Loy,0.6911,0.7797,0.1001,0.709
Shreya Ghoshal,0.5185,0.3965,0.8161,0.526
Jubin Nautiyal,0.4432,0.2312,0.5142,0.3899
A.R. Rahman,0.3465,0.57,0.3769,0.4695
Arijit Singh,0.3436,0.3351,0.7148,0.3234
A.R. Rahman,0.6215,0.7671,0.3331,0.4496
Shreya Ghoshal,0.4984,0.4368,0.7514,0.5797
Yo Yo Honey Singh,0.8016,0.7137,0.0404,0.8216
Jubin Nautiyal,0.3848,0.2224,0.6072,0.5745
Shankar-Ehsaan-Loy,0.8253,0.7317,0.1292,0.6345
Jubin Nautiyal,0.4219,0.274,0.4894,0.4813
Badshah,0.8447,0.7872,0.0667,0.8068
Nucleya,0.6025,0.9037,0.0301,0.5451
Arijit Singh,0.358,0.3578,0.8209,0.1795
Yo Yo Honey Singh,0.7816,0.8351,0.0134,0.7903
Badshah,0.8272,0.8229,0.0548,0.8106
Badshah,0.9655,0.8521,0.0523,0.7097
Shreya Ghoshal,0.3812,0.4649,0.7356,0.5667
Yo Yo Honey Singh,0.8569,0.82,0.0462,0.6524
Nucleya,0.6202,0.8776,0.041,0.4692
Badshah,0.8612,0.8607,0.0404,0.7498
Badshah,0.8743,0.7921,0.0301,0.7138
AP Dhillon,0.5633,0.4975,0.0934,0.1402
Shreya Ghoshal,0.517,0.4045,0.8352,0.5168
Yo Yo Honey Singh,0.8499,0.8564,0.0174,0.6706
Badshah,0.9839,0.8297,0.0702,0.7875
A.R. Rahman,0.5111,0.6164,0.3638,0.5683
Shreya Ghoshal,0.5369,0.4922,0.7916,0.5185
Badshah,0.8421,0.7914,0.0158,0.8085
A.R. Rahman,0.5453,0.5427,0.5146,0.719
Badshah,0.8554,0.8459,0.0448,0.8305
Yo Yo Honey Singh,0.8097,0.8655,0.0385,0.7089
Yo Yo Honey Singh,0.7803,0.7619,0.0248,0.6964
Shreya Ghoshal,0.5967,0.4738,0.7839,0.4876
A.R. Rahman,0.4997,0.6596,0.4444,0.5949
Shreya Ghoshal,0.5061,0.5129,0.7257,0.4473
AP Dhillon,0.6029,0.4447,0.1196,0.2349
Pritam,0.784,0.8164,0.0592,0.5539
Yo Yo Honey Singh,0.8047,0.8903,0.0933,0.7258
Jubin Nautiyal,0.4314,0.3742,0.6257,0.2897
Shreya Ghoshal,0.5099,0.4231,0.8104,0.5671
AP Dhillon,0.5642,0.3966,0.083,0.3334
Jubin Nautiyal,0.4721,0.3965,0.5938,0.4496
AP Dhillon,0.7002,0.5094,0.124,0.2888
A.R. Rahman,0.5138,0.5843,0.4435,0.5403
Shreya Ghoshal,0.5242,0.4185,0.7458,0.5727
Shankar-Ehsaan-Loy,0.7165,0.7615,0.1779,0.7518
Nucleya,0.7783,0.9563,0.0229,0.6768
Jubin Nautiyal,0.4331,0.2688,0.5654,0.3405
Shankar-Ehsaan-Loy,0.7284,0.7268,0.0561,0.7794
Pritam,0.7441,0.7285,0.0763,0.6216
Shreya Ghoshal,0.541,0.338,0.8727,0.5683
A.R. Rahman,0.5727,0.5082,0.4668,0.3607
Yo Yo Honey Singh,0.8399,0.7722,0.0402,0.7144
AP Dhillon,0.6435,0.5012,0.0712,0.3412
Arijit Singh,0.4867,0.2329,0.7094,0.3212
Badshah,0.8276,0.8547,0.0452,0.8632
Jubin Nautiyal,0.3787,0.2568,0.5957,0.4733
Arijit Singh,0.3111,0.2937,0.7561,0.316
Arijit Singh,0.3936,0.2734,0.6443,0.3537
Yo Yo Honey Singh,0.7562,0.833,0.0323,0.5957
A.R. Rahman,0.4186,0.6496,0.4092,0.5048
Jubin Nautiyal,0.3795,0.36,0.6872,0.4853
Pritam,0.7571,0.8392,0.0903,0.5958
Shreya Ghoshal,0.5096,0.4501,0.867,0.6514
Pritam,0.7616,0.8145,0.1126,0.6484
Nucleya,0.6884,0.9226,0.0381,0.4325
Pritam,0.7394,0.7431,0.0312,0.7416
Shankar-Ehsaan-Loy,0.5438,0.7043,0.0649,0.687
Shankar-Ehsaan-Loy,0.6193,0.7309,0.0688,0.6618
Pritam,0.7471,0.8341,0.0761,0.5404
Shreya Ghoshal,0.5246,0.4055,0.8404,0.683
Badshah,0.8526,0.7405,0.0556,0.8685
Pritam,0.7393,0.7302,0.0965,0.7261
Shreya Ghoshal,0.4382,0.3388,0.7087,0.6279
Nucleya,0.6915,0.874,0.0281,0.5596
Nucleya,0.7468,0.9172,0.0309,0.4777
Shankar-Ehsaan-Loy,0.6568,0.7169,0.1067,0.7462
AP Dhillon,0.6527,0.5861,0.0902,0.0827
Jubin Nautiyal,0.4618,0.3752,0.4146,0.3293
Badshah,0.8644,0.8233,0.06,0.8966
Shreya Ghoshal,0.4444,0.4343,0.8585,0.5851
Arijit Singh,0.3487,0.4587,0.7695,0.2406
Badshah,0.8735,0.8003,0.0604,0.7467
A.R. Rahman,0.5094,0.6192,0.5,0.6378
Badshah,0.8874,0.7539,0.0689,0.7881
Shreya Ghoshal,0.6197,0.6066,0.8364,0.5372
AP Dhillon,0.6053,0.5639,0.1469,0.28
Badshah,0.8654,0.8379,0.0571,0.8222
A.R. Rahman,0.5463,0.7363,0.5598,0.595
Pritam,0.7966,0.8069,0.1015,0.7676
Arijit Singh,0.4401,0.3255,0.5773,0.2094
Pritam,0.7214,0.6913,0.0594,0.5568
Arijit Singh,0.3565,0.3826,0.6876,0.2474
Pritam,0.7916,0.7563,0.0568,0.7127
Nucleya,0.5453,0.9278,0.0492,0.4717
Yo Yo Honey Singh,0.8201,0.866,0.0422,0.6656
Jubin Nautiyal,0.4127,0.3496,0.4765,0.4128
Yo Yo Honey Singh,0.84,0.903,0.0512,0.7106
Badshah,0.8836,0.8312,0.0613,0.8014
Shreya Ghoshal,0.4721,0.4136,0.9587,0.4448
Jubin Nautiyal,0.4786,0.1876,0.6604,0.2782
Jubin Nautiyal,0.4315,0.3073,0.6287,0.4669
A.R. Rahman,0.6356,0.5793,0.4882,0.5544
Shankar-Ehsaan-Loy,0.6876,0.7617,0.0592,0.6944
Shreya Ghoshal,0.4918,0.4772,0.8967,0.642
Jubin Nautiyal,0.4591,0.3515,0.6521,0.4167
Arijit Singh,0.3928,0.409,0.8366,0.351
AP Dhillon,0.6362,0.6429,0.1339,0.2484
Jubin Nautiyal,0.4174,0.2088,0.4691,0.4532
AP Dhillon,0.5927,0.5408,0.1448,0.3249
Shreya Ghoshal,0.4156,0.415,0.7097,0.6032
Shreya Ghoshal,0.502,0.3745,0.7862,0.4853
AP Dhillon,0.6439,0.5453,0.1092,0.1889
Pritam,0.7642,0.7443,0.0254,0.5506
Yo Yo Honey Singh,0.7875,0.7418,0.0317,0.7219
Shreya Ghoshal,0.5373,0.3978,0.8226,0.548
A.R. Rahman,0.6868,0.5595,0.3753,0.7185
Shreya Ghoshal,0.579,0.4129,0.6727,0.5075
Jubin Nautiyal,0.4764,0.3326,0.6313,0.3943
Badshah,0.8008,0.9069,0.0453,0.7783
Nucleya,0.6243,0.9697,0.0336,0.3553
Badshah,0.8274,0.847,0.035,0.8067
Jubin Nautiyal,0.51,0.3762,0.5842,0.3547
Shreya Ghoshal,0.5117,0.3988,0.8203,0.5293
Pritam,0.8445,0.8635,0.1167,0.5862
Pritam,0.79,0.8279,0.1342,0.6354
A.R. Rahman,0.5128,0.6387,0.3718,0.6545
Jubin Nautiyal,0.421,0.3198,0.5393,0.329
AP Dhillon,0.6216,0.5215,0.0938,0.3447
Jubin Nautiyal,0.4214,0.3844,0.7119,0.508
Badshah,0.9167,0.8709,0.0568,0.8354
Shreya Ghoshal,0.521,0.4494,0.8381,0.6277
Nucleya,0.649,1.0,0.0023,0.4856
Shreya Ghoshal,0.5429,0.4631,0.8263,0.5514
A.R. Rahman,0.6258,0.5623,0.4525,0.7061
A.R. Rahman,0.5722,0.5734,0.4525,0.5577
Pritam,0.7511,0.8128,0.1089,0.5986
Shreya Ghoshal,0.4614,0.4818,0.7799,0.5217
Yo Yo Honey Singh,0.7409,0.8498,0.026,0.7275
A.R. Rahman,0.5321,0.5807,0.4551,0.6384
Yo Yo Honey Singh,0.7268,0.7666,0.02,0.6147
Shreya Ghoshal,0.6215,0.3382,0.8114,0.5037
AP Dhillon,0.5703,0.4873,0.0111,0.2625
Pritam,0.7638,0.8324,0.0791,0.6543
Yo Yo Honey Singh,0.8676,0.7767,0.0274,0.5629
Nucleya,0.6226,1.0,0.0159,0.3962
Badshah,0.7899,0.8056,0.0734,0.8283
Arijit Singh,0.353,0.3033,0.7337,0.2115
Nucleya,0.7589,0.9485,0.0197,0.5486
Shankar-Ehsaan-Loy,0.7088,0.7577,0.091,0.7772
Arijit Singh,0.4161,0.2823,0.6833,0.3143
Jubin Nautiyal,0.4697,0.3727,0.6331,0.4197
Shreya Ghoshal,0.597,0.4263,0.7461,0.4569
Badshah,0.8361,0.773,0.0578,0.8217
Nucleya,0.64,0.8303,0.0321,0.438
Yo Yo Honey Singh,0.797,0.7149,0.0238,0.7313
AP Dhillon,0.6603,0.6042,0.2336,0.2217
Jubin Nautiyal,0.427,0.3202,0.575,0.3974
Badshah,0.8028,0.8209,0.054,0.8021
Shankar-Ehsaan-Loy,0.6566,0.7703,0.1357,0.6803
Yo Yo Honey Singh,0.8956,0.8582,0.067,0.7215
Jubin Nautiyal,0.4512,0.3766,0.4807,0.2767
Yo Yo Honey Singh,0.8015,0.7551,0.0269,0.687
A.R. Rahman,0.3577,0.56,0.4179,0.7111
A.R. Rahman,0.4878,0.6764,0.5301,0.7178
A.R. Rahman,0.5815,0.4504,0.3671,0.5773
Shreya Ghoshal,0.5053,0.4318,0.7629,0.5279
Jubin Nautiyal,0.4093,0.3149,0.5528,0.4119
AP Dhillon,0.7599,0.5833,0.1306,0.3219
Pritam,0.7966,0.7163,0.1115,0.6341
Shankar-Ehsaan-Loy,0.6086,0.6824,0.0897,0.6423
Nucleya,0.7696,0.9136,0.0362,0.6164
Arijit Singh,0.356,0.3389,0.6426,0.1963
A.R. Rahman,0.6166,0.5707,0.3237,0.526
AP Dhillon,0.5806,0.4497,0.2225,0.25
Nucleya,0.6635,0.9017,0.0231,0.5374
Badshah,0.918,0.8274,0.0552,0.8933
AP Dhillon,0.6193,0.5277,0.1546,0.3014
Shreya Ghoshal,0.4919,0.4686,0.8476,0.4276
Nucleya,0.7264,0.9513,0.0334,0.5452
Arijit Singh,0.378,0.3909,0.722,0.2821
Pritam,0.7569,0.7921,0.0825,0.6559
Shankar-Ehsaan-Loy,0.5165,0.8007,0.0998,0.7625
Shankar-Ehsaan-Loy,0.7308,0.8187,0.0445,0.7335
Pritam,0.7852,0.8113,0.0428,0.4948
AP Dhillon,0.5115,0.5526,0.0167,0.252
A.R. Rahman,0.5185,0.7006,0.4172,0.6287
Yo Yo Honey Singh,0.7846,0.6948,0.0428,0.6068
Nucleya,0.6141,0.9055,0.0444,0.3537
Nucleya,0.755,0.8777,0.0408,0.5838
Shreya Ghoshal,0.4697,0.4151,0.8209,0.5159
Arijit Singh,0.3761,0.3705,0.7394,0.3379
Jubin Nautiyal,0.4439,0.2301,0.6441,0.4243
Shankar-Ehsaan-Loy,0.6236,0.7257,0.0725,0.5797
Arijit Singh,0.3575,0.3874,0.6453,0.27
Pritam,0.7824,0.7549,0.0665,0.6167
Yo Yo Honey Singh,0.809,0.7593,0.0105,0.8283
Nucleya,0.5975,0.9011,0.0594,0.558
Arijit Singh,0.4329,0.2445,0.6372,0.1373
Yo Yo Honey Singh,0.8265,0.7668,0.0408,0.7011
Shreya Ghoshal,0.4615,0.4459,0.848,0.6028
Nucleya,0.7586,0.9668,0.0174,0.6031
AP Dhillon,0.5951,0.4178,0.1101,0.3948
A.R. Rahman,0.4191,0.5689,0.4752,0.6359
A.R. Rahman,0.5338,0.7163,0.3529,0.6554
Shankar-Ehsaan-Loy,0.606,0.682,0.114,0.6209
Nucleya,0.7226,0.9144,0.0237,0.548
AP Dhillon,0.6904,0.4122,0.1292,0.3157
Shankar-Ehsaan-Loy,0.6291,0.7646,0.0976,0.7589
Arijit Singh,0.394,0.3126,0.7054,0.2455
Pritam,0.7796,0.8027,0.0325,0.6035
Pritam,0.8078,0.8962,0.0795,0.6354
Pritam,0.7344,0.7399,0.0696,0.654
Badshah,0.8159,0.8728,0.0637,0.799
Shreya Ghoshal,0.6244,0.3648,0.6482,0.53
Shankar-Ehsaan-Loy,0.5785,0.6852,0.0191,0.6729
Shreya Ghoshal,0.3188,0.431,0.908,0.6367
Pritam,0.7407,0.8017,0.0872,0.6877
Nucleya,0.5732,0.9801,0.0378,0.4613
Nucleya,0.6775,1.0,0.0309,0.4696
Badshah,0.8243,0.8245,0.0565,0.675
Nucleya,0.8067,0.8856,0.0268,0.4706
Badshah,0.8613,0.8507,0.0377,0.8798
Jubin Nautiyal,0.4075,0.2688,0.5824,0.3461
AP Dhillon,0.621,0.3997,0.0938,0.2846
Shreya Ghoshal,0.5068,0.3337,0.8552,0.5032
Pritam,0.7712,0.7201,0.1125,0.6147
Yo Yo Honey Singh,0.7748,0.7696,0.0047,0.8245
Jubin Nautiyal,0.5239,0.3023,0.6198,0.514
Jubin Nautiyal,0.4496,0.3323,0.4848,0.4522
Nucleya,0.6921,0.8577,0.0304,0.3862
A.R. Rahman,0.5707,0.4787,0.5782,0.5066
Nucleya,0.6626,0.9378,0.0382,0.5482
Pritam,0.8258,0.7905,0.0752,0.7751
Yo Yo Honey Singh,0.6389,0.8198,0.0407,0.6191
Arijit Singh,0.4039,0.37,0.7926,0.2443
Badshah,0.8605,0.7921,0.0547,0.8885
Nucleya,0.7378,0.9666,0.0294,0.4823
AP Dhillon,0.6939,0.6017,0.0742,0.1914
AP Dhillon,0.6699,0.4613,0.1701,0.2152
AP Dhillon,0.5721,0.614,0.1058,0.3613
Shreya Ghoshal,0.5631,0.3601,0.777,0.5675
Shreya Ghoshal,0.388,0.4805,0.7589,0.6053
Pritam,0.7894,0.7697,0.0825,0.549
Pritam,0.7299,0.7483,0.0545,0.5621
Pritam,0.6935,0.6711,0.059,0.6113
Shankar-Ehsaan-Loy,0.6982,0.847,0.0443,0.6776
Badshah,0.8682,0.7751,0.0978,0.8118
Jubin Nautiyal,0.4313,0.3308,0.5033,0.2992
Yo Yo Honey Singh,0.7358,0.8738,0.0498,0.7063
Shankar-Ehsaan-Loy,0.6766,0.7505,0.0372,0.7749
Shreya Ghoshal,0.4102,0.381,0.795,0.4485
AP Dhillon,0.558,0.3379,0.1629,0.192
Badshah,0.8888,0.8182,0.1185,0.7703
Yo Yo Honey Singh,0.8196,0.8291,0.0397,0.7894
Badshah,0.8132,0.8112,0.1156,0.7681
Shankar-Ehsaan-Loy,0.6608,0.7788,0.0893,0.5515
Pritam,0.8432,0.7953,0.0976,0.699
AP Dhillon,0.647,0.4308,0.0777,0.3375
AP Dhillon,0.5709,0.4801,0.1797,0.3126
Yo Yo Honey Singh,0.8524,0.7959,0.0749,0.7716
Pritam,0.826,0.7363,0.0988,0.5804
A.R. Rahman,0.5658,0.6554,0.3585,0.7362
A.R. Rahman,0.5408,0.6661,0.4251,0.4715
Nucleya,0.6557,0.9653,0.046,0.5516
Badshah,0.9156,0.7862,0.0399,0.8034
Badshah,0.8093,0.8333,0.0614,0.7327
Shankar-Ehsaan-Loy,0.6723,0.796,0.0354,0.701
Shreya Ghoshal,0.5394,0.4317,0.7989,0.5228
Pritam,0.7279,0.813,0.1108,0.642
Jubin Nautiyal,0.4088,0.4257,0.5667,0.4152
Nucleya,0.6651,0.9326,0.0268,0.5251
Jubin Nautiyal,0.483,0.3008,0.5683,0.4198
Shankar-Ehsaan-Loy,0.5786,0.7634,0.1221,0.7276
Jubin Nautiyal,0.5323,0.2765,0.4732,0.3516
Shreya Ghoshal,0.4426,0.4483,0.889,0.5749
Nucleya,0.6547,0.9449,0.0395,0.4755
Nucleya,0.565,0.8612,0.0334,0.441
Jubin Nautiyal,0.3898,0.2916,0.5776,0.4164
Pritam,0.7417,0.6964,0.1411,0.6328
Badshah,0.8513,0.8024,0.0867,0.8664
Arijit Singh,0.3823,0.3109,0.8701,0.3244
A.R. Rahman,0.6145,0.6386,0.4936,0.6485
Nucleya,0.7756,0.9786,0.0211,0.5056
Nucleya,0.6336,0.9177,0.0149,0.5505
Nucleya,0.6712,0.8937,0.0387,0.5063
Jubin Nautiyal,0.452,0.4601,0.6196,0.2767
Shreya Ghoshal,0.5036,0.4366,0.8816,0.4584
Shankar-Ehsaan-Loy,0.7489,0.733,0.0774,0.647
Shankar-Ehsaan-Loy,0.658,0.6543,0.1168,0.6395
Yo Yo Honey Singh,0.8846,0.8072,0.0,0.7404
Pritam,0.7562,0.6958,0.0857,0.5975
Shankar-Ehsaan-Loy,0.5945,0.7348,0.0862,0.7142
Shankar-Ehsaan-Loy,0.6117,0.8146,0.0132,0.5964
Badshah,0.8743,0.8426,0.0781,0.8236
Arijit Singh,0.3042,0.432,0.8351,0.2626
Pritam,0.7956,0.9356,0.1042,0.5406
Nucleya,0.6407,0.8996,0.0308,0.5257
Shreya Ghoshal,0.4728,0.5071,0.8196,0.571
Shreya Ghoshal,0.4605,0.4018,0.7192,0.4927
Arijit Singh,0.3297,0.2771,0.8011,0.3354
AP Dhillon,0.6084,0.449,0.1387,0.2719
Shankar-Ehsaan-Loy,0.5677,0.7413,0.0822,0.6879
Jubin Nautiyal,0.5011,0.3591,0.5641,0.3328
Shankar-Ehsaan-Loy,0.6454,0.6366,0.0818,0.6072
Yo Yo Honey Singh,0.7868,0.8183,0.0012,0.5769
Arijit Singh,0.3387,0.3307,0.7489,0.2405
Yo Yo Honey Singh,0.8731,0.7855,0.0615,0.8057
Jubin Nautiyal,0.3867,0.3147,0.5373,0.3869
Arijit Singh,0.3528,0.3567,0.6394,0.3063
A.R. Rahman,0.5685,0.7018,0.5186,0.6231
Badshah,0.8409,0.7878,0.0421,0.7379
AP Dhillon,0.6304,0.3539,0.128,0.4049
AP Dhillon,0.6598,0.4625,0.1456,0.3855
Shreya Ghoshal,0.3918,0.325,0.816,0.5856
Shreya Ghoshal,0.4967,0.4371,0.8313,0.5952
Badshah,0.9101,0.8465,0.0729,0.8241
Jubin Nautiyal,0.5197,0.2877,0.5106,0.2493
AP Dhillon,0.6454,0.4832,0.1204,0.2272
Nucleya,0.5617,0.9315,0.0156,0.5356
Pritam,0.7413,0.755,0.0749,0.7146
Shankar-Ehsaan-Loy,0.6487,0.8216,0.1409,0.7443
A.R. Rahman,0.5305,0.6676,0.4561,0.4876
Yo Yo Honey Singh,0.7816,0.8144,0.0167,0.6985
Yo Yo Honey Singh,0.7568,0.7937,0.0218,0.7617
Yo Yo Honey Singh,0.7619,0.7847,0.0429,0.6778
Badshah,0.8647,0.7886,0.0776,0.7483
Badshah,0.8291,0.8052,0.0745,0.8424
Badshah,0.8472,0.7688,0.0412,0.8438
Yo Yo Honey Singh,0.7355,0.8029,0.0583,0.7453
Jubin Nautiyal,0.4943,0.3537,0.5782,0.4572
Shreya Ghoshal,0.5074,0.4531,0.8026,0.6687
A.R. Rahman,0.6229,0.6467,0.4496,0.6464
Shankar-Ehsaan-Loy,0.6036,0.7164,0.0186,0.6833
Pritam,0.8097,0.8487,0.0544,0.6333
Yo Yo Honey Singh,0.814,0.6663,0.005,0.7094
Arijit Singh,0.2759,0.4518,0.7348,0.2732
Pritam,0.7297,0.8255,0.1272,0.632
A.R. Rahman,0.5837,0.6295,0.4915,0.4458
Arijit Singh,0.3564,0.3639,0.6186,0.1815
Nucleya,0.6853,0.9024,0.0247,0.4139
Nucleya,0.6765,0.9651,0.0311,0.4365
Shreya Ghoshal,0.4941,0.4211,0.8425,0.5663
Nucleya,0.6934,0.8421,0.0188,0.6231
Arijit Singh,0.3414,0.3358,0.686,0.2857
Badshah,0.8514,0.8735,0.0536,0.7407
A.R. Rahman,0.529,0.596,0.6697,0.511
A.R. Rahman,0.5254,0.7251,0.3945,0.7226
Jubin Nautiyal,0.4741,0.4223,0.6209,0.3748
Arijit Singh,0.3307,0.3802,0.6829,0.2245
AP Dhillon,0.5592,0.5121,0.1536,0.357
Pritam,0.8014,0.7879,0.0418,0.6148
AP Dhillon,0.5053,0.4776,0.2022,0.2752
Arijit Singh,0.3963,0.2749,0.7847,0.2671
A.R. Rahman,0.5402,0.6592,0.3073,0.7055
Shreya Ghoshal,0.4778,0.4286,0.6934,0.5786
Badshah,0.8347,0.8421,0.0449,0.838
Arijit Singh,0.3782,0.4439,0.5366,0.3375
Shreya Ghoshal,0.5523,0.3392,0.8076,0.6857
Pritam,0.7052,0.7766,0.0929,0.6518
Jubin Nautiyal,0.4251,0.3988,0.5695,0.4088
Badshah,0.8423,0.8285,0.0577,0.8242
Shreya Ghoshal,0.3696,0.4708,0.7679,0.5437
Badshah,0.8945,0.7722,0.0764,0.8609
Pritam,0.7,0.8149,0.0677,0.6548
A.R. Rahman,0.5745,0.4748,0.4676,0.5789
Arijit Singh,0.4093,0.4814,0.6507,0.2404
AP Dhillon,0.6493,0.4992,0.0793,0.3076
A.R. Rahman,0.523,0.6306,0.4713,0.4296
AP Dhillon,0.6604,0.6013,0.1484,0.1765
Jubin Nautiyal,0.3984,0.3536,0.5413,0.4443
AP Dhillon,0.6683,0.5741,0.1384,0.2604
Jubin Nautiyal,0.4668,0.2851,0.582,0.3994
Shreya Ghoshal,0.5064,0.4551,0.9186,0.4405
Shankar-Ehsaan-Loy,0.6888,0.8398,0.0802,0.6452
A.R. Rahman,0.5629,0.8154,0.488,0.5197
Badshah,0.8104,0.8643,0.082,0.8558
Shankar-Ehsaan-Loy,0.5702,0.8269,0.0734,0.7305
Jubin Nautiyal,0.4998,0.3221,0.5781,0.3347
A.R. Rahman,0.556,0.4225,0.4416,0.5319
Arijit Singh,0.4215,0.2986,0.725,0.2466
Pritam,0.6901,0.8401,0.0854,0.6586
Jubin Nautiyal,0.4731,0.3887,0.5927,0.3092
Arijit Singh,0.3838,0.3094,0.7883,0.2697
Arijit Singh,0.3907,0.2753,0.7321,0.307
Shreya Ghoshal,0.4815,0.4668,0.8786,0.6477
Arijit Singh,0.3405,0.3783,0.8517,0.3742
A.R. Rahman,0.4134,0.6115,0.3146,0.6608
Pritam,0.7502,0.833,0.0785,0.6352
Pritam,0.7854,0.7771,0.0381,0.5504
Badshah,0.8959,0.8415,0.0732,0.9083
Pritam,0.8314,0.759,0.1027,0.466
Yo Yo Honey Singh,0.7826,0.7963,0.0326,0.7684
Shreya Ghoshal,0.4595,0.4113,0.7525,0.5284
Yo Yo Honey Singh,0.7865,0.7986,0.0791,0.7612
Arijit Singh,0.3857,0.359,0.6945,0.276
Shankar-Ehsaan-Loy,0.635,0.7462,0.1158,0.6984
Yo Yo Honey Singh,0.9024,0.7187,0.0289,0.722
AP Dhillon,0.5467,0.388,0.0591,0.2612
Pritam,0.8196,0.7391,0.1128,0.5616
Yo Yo Honey Singh,0.8519,0.7545,0.0351,0.7377
Shreya Ghoshal,0.5025,0.3599,0.8444,0.5141
Jubin Nautiyal,0.4771,0.345,0.6711,0.5093
Pritam,0.7354,0.8464,0.0508,0.6285
Nucleya,0.6762,0.9021,0.0366,0.4684
Shankar-Ehsaan-Loy,0.6746,0.6846,0.0606,0.6121
Nucleya,0.7151,0.9093,0.0317,0.5848
Badshah,0.8643,0.8272,0.0725,0.816
A.R. Rahman,0.6671,0.7072,0.356,0.6664
Pritam,0.7945,0.7458,0.0718,0.599
Jubin Nautiyal,0.482,0.2974,0.5488,0.2677
Pritam,0.7435,0.8637,0.0718,0.4459
Shankar-Ehsaan-Loy,0.5927,0.8058,0.0947,0.6433
Badshah,0.8572,0.7391,0.057,0.873
Jubin Nautiyal,0.4517,0.2522,0.6032,0.4583
Shreya Ghoshal,0.4937,0.4099,0.8042,0.6313
Nucleya,0.6347,0.9159,0.0445,0.4471
Pritam,0.7197,0.7894,0.0603,0.5818
Jubin Nautiyal,0.4356,0.459,0.5237,0.5147
Shreya Ghoshal,0.5308,0.4044,0.8443,0.5931
A.R. Rahman,0.6767,0.5826,0.3922,0.5478
Jubin Nautiyal,0.4761,0.3114,0.7009,0.372
Shreya Ghoshal,0.5408,0.4916,0.6933,0.5724
AP Dhillon,0.6248,0.5384,0.1675,0.2458
Arijit Singh,0.3885,0.339,0.7213,0.3043
Pritam,0.776,0.7097,0.0667,0.6078
A.R. Rahman,0.5115,0.6688,0.429,0.5964
AP Dhillon,0.6829,0.5505,0.0742,0.3449
Shankar-Ehsaan-Loy,0.7218,0.7978,0.1006,0.6118
AP Dhillon,0.6693,0.5568,0.0703,0.2794
Badshah,0.8374,0.7802,0.0851,0.7951
Nucleya,0.6344,0.9465,0.0406,0.4556
AP Dhillon,0.7065,0.4894,0.1467,0.3088
Shankar-Ehsaan-Loy,0.571,0.7375,0.1483,0.5731
Jubin Nautiyal,0.3905,0.377,0.5112,0.3843
AP Dhillon,0.6077,0.449,0.136,0.3658
Shreya Ghoshal,0.5096,0.3583,0.8759,0.4894
Pritam,0.7087,0.7831,0.0832,0.5245
Shankar-Ehsaan-Loy,0.6946,0.7423,0.1563,0.6461
Jubin Nautiyal,0.4444,0.4039,0.5001,0.3864
A.R. Rahman,0.7097,0.5506,0.3372,0.4496
Shankar-Ehsaan-Loy,0.6925,0.8026,0.0733,0.6757
Arijit Singh,0.483,0.4553,0.7026,0.348
Arijit Singh,0.3475,0.3208,0.6785,0.2195
Nucleya,0.6243,0.8998,0.0293,0.6511
AP Dhillon,0.6557,0.5054,0.0903,0.2384
Jubin Nautiyal,0.4669,0.3836,0.5545,0.3413
Yo Yo Honey Singh,0.7396,0.8405,0.023,0.691
A.R. Rahman,0.498,0.5612,0.5585,0.7348
AP Dhillon,0.6437,0.3699,0.1502,0.2709
Yo Yo Honey Singh,0.8284,0.8543,0.0467,0.5704
Jubin Nautiyal,0.5175,0.2801,0.6489,0.385
Badshah,0.8735,0.8163,0.0795,0.82
Arijit Singh,0.3945,0.4745,0.781,0.2572
Nucleya,0.7598,0.9152,0.0166,0.4611
Pritam,0.6784,0.7348,0.0258,0.5808
Yo Yo Honey Singh,0.7858,0.6987,0.0432,0.722
Badshah,0.8228,0.7946,0.0531,0.7907
Shankar-Ehsaan-Loy,0.6551,0.5598,0.1084,0.6458
Pritam,0.7428,0.7613,0.0506,0.463
Nucleya,0.799,0.9205,0.0339,0.6087
A.R. Rahman,0.5652,0.5122,0.4129,0.533
Yo Yo Honey Singh,0.7916,0.8302,0.0675,0.7416
AP Dhillon,0.6435,0.5633,0.1051,0.3418
AP Dhillon,0.6644,0.4107,0.0556,0.2705
Arijit Singh,0.4169,0.3603,0.7119,0.2589
Yo Yo Honey Singh,0.8436,0.8162,0.0565,0.7102
Badshah,0.8291,0.9159,0.0617,0.7682
Jubin Nautiyal,0.4368,0.3464,0.6025,0.4295
AP Dhillon,0.6307,0.7008,0.0366,0.3241
Pritam,0.7505,0.7051,0.1209,0.5787
Jubin Nautiyal,0.4911,0.452,0.6769,0.4395
A.R. Rahman,0.4436,0.3734,0.4239,0.6441
A.R. Rahman,0.474,0.534,0.6959,0.6996
AP Dhillon,0.5831,0.4468,0.0314,0.283
AP Dhillon,0.6717,0.4201,0.1144,0.1937
Arijit Singh,0.405,0.2913,0.727,0.3326
Shankar-Ehsaan-Loy,0.6004,0.6633,0.1267,0.7205
Jubin Nautiyal,0.4397,0.3719,0.5857,0.3931
Shankar-Ehsaan-Loy,0.6784,0.7005,0.1111,0.7637
AP Dhillon,0.7171,0.6265,0.0359,0.1783
AP Dhillon,0.7078,0.4225,0.1017,0.2394
Nucleya,0.6254,0.9504,0.0238,0.3922
AP Dhillon,0.7317,0.6328,0.1278,0.3216
AP Dhillon,0.6662,0.4405,0.2443,0.2685
A.R. Rahman,0.6112,0.548,0.3637,0.5166
Jubin Nautiyal,0.4501,0.2542,0.6883,0.5257
Yo Yo Honey Singh,0.7782,0.7579,0.0304,0.7173
Pritam,0.8014,0.8336,0.0178,0.5985
Arijit Singh,0.3721,0.3244,0.6492,0.1642
Shankar-Ehsaan-Loy,0.6233,0.7803,0.0375,0.5974
AP Dhillon,0.761,0.5399,0.091,0.2072
AP Dhillon,0.5875,0.6367,0.0937,0.2624
A.R. Rahman,0.6183,0.6735,0.3603,0.6044
Shreya Ghoshal,0.5159,0.385,0.6537,0.5406
Badshah,0.8943,0.8559,0.0679,0.7987
Yo Yo Honey Singh,0.7989,0.7971,0.0518,0.7777
Shreya Ghoshal,0.5534,0.4821,0.6892,0.4849
Arijit Singh,0.3889,0.2699,0.7466,0.3227
Yo Yo Honey Singh,0.8296,0.805,0.0322,0.751
AP Dhillon,0.6887,0.3526,0.1777,0.347
Shreya Ghoshal,0.5015,0.5047,0.7952,0.5817
Arijit Singh,0.342,0.359,0.7439,0.4113
Shankar-Ehsaan-Loy,0.6082,0.7481,0.1007,0.7131
Badshah,0.87,0.856,0.1098,0.8062
Arijit Singh,0.4597,0.3193,0.6507,0.2712
Shreya Ghoshal,0.573,0.5113,0.8599,0.5198
Nucleya,0.6038,0.9662,0.0537,0.4698
Shreya Ghoshal,0.4284,0.4286,0.904,0.7062
Nucleya,0.6543,0.9196,0.0187,0.5823
A.R. Rahman,0.5682,0.5569,0.3793,0.443
Badshah,0.7908,0.8934,0.1099,0.8223
Nucleya,0.6597,0.8949,0.0423,0.5369
Pritam,0.8115,0.7632,0.0546,0.6648
Shreya Ghoshal,0.5192,0.5004,0.6875,0.5581
Shreya Ghoshal,0.5529,0.3929,0.7718,0.5686
Arijit Singh,0.3528,0.3739,0.7174,0.3572
Jubin Nautiyal,0.4389,0.2926,0.4103,0.4619
Shreya Ghoshal,0.5138,0.4499,0.84,0.5795
Badshah,0.9269,0.8039,0.0701,0.8157
Yo Yo Honey Singh,0.8375,0.7701,0.0101,0.7193
Pritam,0.7973,0.7963,0.1483,0.5403
Yo Yo Honey Singh,0.7696,0.7496,0.0451,0.6124
Shankar-Ehsaan-Loy,0.6532,0.7633,0.1494,0.6078
AP Dhillon,0.5783,0.5021,0.0124,0.3114
Nucleya,0.6305,0.8776,0.0228,0.5897
AP Dhillon,0.705,0.4067,0.1025,0.1959
Pritam,0.7684,0.8381,0.0638,0.6626
A.R. Rahman,0.4736,0.6712,0.4737,0.6443
Arijit Singh,0.2865,0.3289,0.7213,0.3974
Badshah,0.8672,0.8291,0.0433,0.8749
Badshah,0.878,0.8295,0.0711,0.7248
AP Dhillon,0.6953,0.4737,0.1209,0.168
Shreya Ghoshal,0.4293,0.4913,0.7721,0.5641
A.R. Rahman,0.7199,0.6346,0.3498,0.5548
Badshah,0.9286,0.8361,0.0666,0.8676
A.R. Rahman,0.5999,0.4493,0.4302,0.635
Badshah,0.9015,0.8437,0.0498,0.6923
A.R. Rahman,0.5553,0.6594,0.4986,0.501
Jubin Nautiyal,0.3554,0.3251,0.5108,0.3227
AP Dhillon,0.7031,0.574,0.1636,0.2279
Pritam,0.7905,0.7022,0.086,0.6071
Nucleya,0.6575,0.918,0.0324,0.2049
Arijit Singh,0.4229,0.3404,0.7187,0.2098
Arijit Singh,0.4282,0.3748,0.7775,0.4128
Nucleya,0.5754,0.9263,0.0328,0.6192
Nucleya,0.6558,0.9201,0.0312,0.3663
Arijit Singh,0.3418,0.2417,0.6061,0.2834
Shankar-Ehsaan-Loy,0.578,0.7856,0.0,0.6359
Shankar-Ehsaan-Loy,0.7258,0.7755,0.0382,0.6422
Shankar-Ehsaan-Loy,0.5177,0.8725,0.1118,0.6256
Nucleya,0.7269,0.8835,0.0298,0.4802
Pritam,0.8886,0.6675,0.0983,0.561
Badshah,0.8201,0.8608,0.0773,0.8286
Arijit Singh,0.3807,0.3486,0.7339,0.2699
A.R. Rahman,0.4041,0.738,0.437,0.623
Jubin Nautiyal,0.315,0.4445,0.4827,0.2848
Pritam,0.7894,0.811,0.0227,0.6065
Badshah,0.8058,0.8694,0.0185,0.8082
Nucleya,0.7198,0.8871,0.0196,0.5654
Yo Yo Honey Singh,0.7989,0.8354,0.0695,0.7084
Pritam,0.7978,0.7689,0.0395,0.7238
A.R. Rahman,0.5289,0.5032,0.4911,0.6201
AP Dhillon,0.6347,0.351,0.1429,0.1814
Jubin Nautiyal,0.5407,0.3368,0.5544,0.4129
Nucleya,0.7424,0.8792,0.0277,0.4248
Shreya Ghoshal,0.4721,0.4477,0.847,0.5324
AP Dhillon,0.6215,0.5237,0.1715,0.3111
AP Dhillon,0.7269,0.4775,0.1863,0.1515
Nucleya,0.6762,0.9393,0.0408,0.4733
Badshah,0.8744,0.8036,0.0854,0.771
Badshah,0.9156,0.9115,0.0551,0.7049
Pritam,0.6932,0.8162,0.1187,0.7812
Nucleya,0.7079,0.9444,0.0357,0.5318
Arijit Singh,0.2564,0.3022,0.7604,0.2658
Shreya Ghoshal,0.5572,0.4372,0.7633,0.5753
Jubin Nautiyal,0.4789,0.3024,0.5227,0.3998
Pritam,0.7356,0.8594,0.0427,0.5212
Jubin Nautiyal,0.4293,0.4045,0.5904,0.3764
Shankar-Ehsaan-Loy,0.6914,0.6768,0.0193,0.4817
Yo Yo Honey Singh,0.8383,0.7793,0.0492,0.6287
Badshah,0.8664,0.8945,0.0553,0.814
AP Dhillon,0.6699,0.6359,0.0761,0.2235
Shankar-Ehsaan-Loy,0.5906,0.67,0.0379,0.7263
Shankar-Ehsaan-Loy,0.7902,0.6646,0.0259,0.7349
Nucleya,0.5724,0.9416,0.0267,0.4063
Nucleya,0.6453,0.8841,0.0255,0.5187
Nucleya,0.6422,0.943,0.0289,0.4853
AP Dhillon,0.6002,0.4872,0.0705,0.2475
Nucleya,0.6372,0.9671,0.027,0.4011
Shankar-Ehsaan-Loy,0.6025,0.6688,0.0367,0.7089
Jubin Nautiyal,0.5095,0.3579,0.5807,0.3082
Pritam,0.7696,0.8996,0.017,0.6478
Jubin Nautiyal,0.3854,0.3142,0.6649,0.4099
Yo Yo Honey Singh,0.8173,0.8246,0.0813,0.7295
Pritam,0.7654,0.7627,0.1006,0.5571
Yo Yo Honey Singh,0.7966,0.7463,0.0244,0.7712
Arijit Singh,0.2475,0.4155,0.8072,0.1349
Arijit Singh,0.3972,0.2442,0.7427,0.253
Nucleya,0.6343,0.908,0.0458,0.4962
Arijit Singh,0.3189,0.3928,0.7032,0.2538
A.R. Rahman,0.5075,0.6169,0.556,0.5606
Shankar-Ehsaan-Loy,0.6615,0.6574,0.1066,0.8337
Jubin Nautiyal,0.5242,0.3071,0.6555,0.3973
Pritam,0.6616,0.7789,0.0888,0.6175
Badshah,0.833,0.8783,0.0057,0.8125
AP Dhillon,0.6769,0.4446,0.081,0.3257
A.R. Rahman,0.603,0.649,0.3787,0.5805
Jubin Nautiyal,0.46,0.3624,0.5462,0.5102
AP Dhillon,0.6132,0.4325,0.1453,0.199
AP Dhillon,0.6027,0.4847,0.1154,0.2443
Yo Yo Honey Singh,0.8225,0.7948,0.0755,0.6312
Arijit Singh,0.4384,0.3653,0.7436,0.2512
AP Dhillon,0.6492,0.5136,0.0565,0.2701
Nucleya,0.626,0.9768,0.0208,0.5101
Shreya Ghoshal,0.5256,0.4211,0.7615,0.5842
Jubin Nautiyal,0.556,0.3497,0.5934,0.3784
Badshah,0.8242,0.8825,0.1068,0.777
Nucleya,0.7464,0.829,0.028,0.7494
Shankar-Ehsaan-Loy,0.7173,0.7477,0.0757,0.7215
Shreya Ghoshal,0.3818,0.4736,0.7273,0.6012
Arijit Singh,0.3556,0.324,0.7476,0.2505
Yo Yo Honey Singh,0.8723,0.777,0.0314,0.6419
Shreya Ghoshal,0.5013,0.4528,0.7292,0.628
Jubin Nautiyal,0.4316,0.3373,0.6645,0.3428
A.R. Rahman,0.6038,0.6172,0.5007,0.9141
A.R. Rahman,0.5803,0.6376,0.4034,0.543
Yo Yo Honey Singh,0.7737,0.7339,0.0482,0.76
Shankar-Ehsaan-Loy,0.7559,0.7981,0.1345,0.5809
Shreya Ghoshal,0.4427,0.4454,0.9238,0.4753
Jubin Nautiyal,0.4066,0.3796,0.5678,0.3471
Yo Yo Honey Singh,0.8768,0.8299,0.0258,0.727
Jubin Nautiyal,0.439,0.3576,0.5957,0.4955
Pritam,0.8161,0.7707,0.1019,0.6246
Nucleya,0.6568,0.9606,0.0311,0.7085
Arijit Singh,0.3092,0.3248,0.696,0.2238
Nucleya,0.7077,0.883,0.0255,0.5235
A.R. Rahman,0.4997,0.5816,0.5544,0.6155
Shankar-Ehsaan-Loy,0.691,0.7367,0.0991,0.6318
Arijit Singh,0.4116,0.4084,0.7635,0.1701
Shreya Ghoshal,0.5984,0.4645,0.8045,0.4379
Shreya Ghoshal,0.5051,0.3715,0.7502,0.5866
AP Dhillon,0.6579,0.4615,0.1358,0.188
AP Dhillon,0.7454,0.4458,0.0355,0.217
Shreya Ghoshal,0.4539,0.3636,0.8498,0.5364
A.R. Rahman,0.6233,0.6936,0.4416,0.5965
Yo Yo Honey Singh,0.7994,0.8515,0.0619,0.6716
Shankar-Ehsaan-Loy,0.6627,0.7874,0.1281,0.8308
Yo Yo Honey Singh,0.8155,0.8238,0.0518,0.5609
AP Dhillon,0.6964,0.4605,0.0792,0.2555
Arijit Singh,0.3921,0.2352,0.5993,0.2406
Pritam,0.8054,0.7862,0.0763,0.5852
Pritam,0.7714,0.8118,0.0553,0.5147
Shreya Ghoshal,0.4345,0.3954,0.7337,0.535
Jubin Nautiyal,0.4007,0.2634,0.4515,0.4356
Arijit Singh,0.4533,0.3365,0.7247,0.1803
Jubin Nautiyal,0.4695,0.3854,0.6374,0.4355
Pritam,0.7536,0.7474,0.0142,0.712
Shreya Ghoshal,0.4742,0.4553,0.7041,0.5824
Jubin Nautiyal,0.4525,0.4089,0.5733,0.4195
Arijit Singh,0.4733,0.3784,0.6366,0.326
Shreya Ghoshal,0.486,0.448,0.8592,0.5447
Jubin Nautiyal,0.438,0.2585,0.589,0.3523
AP Dhillon,0.7682,0.3964,0.183,0.3303
Shankar-Ehsaan-Loy,0.69,0.6973,0.1297,0.6354
Badshah,0.8719,0.8456,0.0543,0.8147
Nucleya,0.6058,0.971,0.029,0.6384
AP Dhillon,0.654,0.5092,0.1161,0.1663
Badshah,0.8344,0.953,0.0336,0.821
Yo Yo Honey Singh,0.7387,0.9098,0.0553,0.7199
Nucleya,0.6445,0.9331,0.0242,0.5319
A.R. Rahman,0.4737,0.5372,0.4304,0.4876
Pritam,0.7197,0.7838,0.1006,0.5901
Jubin Nautiyal,0.5236,0.351,0.5306,0.3961
A.R. Rahman,0.5677,0.6656,0.4573,0.6364
Badshah,0.868,0.8838,0.0696,0.7769
Shreya Ghoshal,0.44,0.3793,0.8308,0.5626
Shreya Ghoshal,0.4784,0.3404,0.7752,0.5682
Nucleya,0.7016,0.9417,0.02,0.4316
A.R. Rahman,0.5518,0.4464,0.4589,0.5448
Shankar-Ehsaan-Loy,0.6461,0.7154,0.1588,0.631
Shankar-Ehsaan-Loy,0.6309,0.692,0.093,0.7144
Jubin Nautiyal,0.4723,0.4382,0.5585,0.4153
Shankar-Ehsaan-Loy,0.6664,0.7732,0.1129,0.7699
Pritam,0.7699,0.7795,0.0645,0.6152
Pritam,0.8226,0.741,0.0882,0.6292
Arijit Singh,0.3674,0.2751,0.8343,0.1799
Arijit Singh,0.3948,0.3657,0.7204,0.2636
Arijit Singh,0.3918,0.3963,0.6165,0.3601
Shreya Ghoshal,0.4866,0.5094,0.7039,0.492
AP Dhillon,0.6196,0.554,0.1421,0.1987
Badshah,0.8373,0.816,0.0469,0.7851
Arijit Singh,0.3389,0.3646,0.7371,0.2445
Yo Yo Honey Singh,0.745,0.8898,0.0229,0.6798
Yo Yo Honey Singh,0.7856,0.8123,0.0346,0.6274
Nucleya,0.6445,0.9822,0.0189,0.3609
Nucleya,0.691,0.8866,0.0128,0.5189
Badshah,0.7821,0.8791,0.0438,0.8628
Shankar-Ehsaan-Loy,0.5894,0.8592,0.0773,0.7382
Jubin Nautiyal,0.5019,0.3311,0.6016,0.5192
Yo Yo Honey Singh,0.8392,0.7551,0.0247,0.6923
Nucleya,0.6437,0.9187,0.0182,0.4079
Shankar-Ehsaan-Loy,0.6562,0.7646,0.0882,0.775
Shankar-Ehsaan-Loy,0.6235,0.7418,0.1383,0.6945
Pritam,0.7512,0.8,0.0908,0.6353
Pritam,0.7617,0.7205,0.1078,0.5936
Yo Yo Honey Singh,0.8129,0.7685,0.0486,0.677
A.R. Rahman,0.4677,0.5284,0.5078,0.5241
Jubin Nautiyal,0.4777,0.3491,0.6703,0.4471
Arijit Singh,0.4074,0.3379,0.7048,0.3569
Arijit Singh,0.3929,0.3455,0.5857,0.2781
Badshah,0.7892,0.8547,0.0523,0.8301
Shreya Ghoshal,0.5226,0.3659,0.7478,0.6288
Nucleya,0.6778,0.8505,0.0302,0.5969
Arijit Singh,0.4957,0.238,0.768,0.1671
A.R. Rahman,0.681,0.6312,0.3905,0.6428
Jubin Nautiyal,0.3699,0.4175,0.4929,0.3515
A.R. Rahman,0.4039,0.5532,0.4575,0.5272
A.R. Rahman,0.5305,0.5776,0.5232,0.6272
Arijit Singh,0.35,0.3325,0.6779,0.4097
AP Dhillon,0.73,0.6066,0.1568,0.3747
Shankar-Ehsaan-Loy,0.7258,0.6561,0.0,0.72
Jubin Nautiyal,0.4875,0.2558,0.4012,0.4654
Arijit Singh,0.3377,0.2591,0.6887,0.3399
Yo Yo Honey Singh,0.8525,0.8162,0.0429,0.6164
Arijit Singh,0.4123,0.4321,0.6525,0.328
Jubin Nautiyal,0.3726,0.2814,0.664,0.354
Shankar-Ehsaan-Loy,0.5924,0.8177,0.1062,0.6564
Jubin Nautiyal,0.3774,0.4022,0.5742,0.4782
Jubin Nautiyal,0.4081,0.3895,0.6794,0.36
Yo Yo Honey Singh,0.789,0.7936,0.0421,0.7021
Shankar-Ehsaan-Loy,0.7124,0.692,0.0968,0.659
A.R. Rahman,0.4578,0.6621,0.3798,0.5398
Badshah,0.8613,0.843,0.0514,0.8836
Badshah,0.9157,0.8444,0.0864,0.7521
Yo Yo Honey Singh,0.8008,0.8072,0.0297,0.6645
Shreya Ghoshal,0.5373,0.3517,0.8623,0.5447
Jubin Nautiyal,0.5183,0.3267,0.5411,0.5317
A.R. Rahman,0.6525,0.6797,0.4825,0.7407
Badshah,0.7814,0.8165,0.0273,0.7988
Shreya Ghoshal,0.5404,0.4555,0.7788,0.5098
Nucleya,0.7681,0.9188,0.056,0.3621
A.R. Rahman,0.4714,0.5266,0.5414,0.6217
Pritam,0.6845,0.769,0.0742,0.6378
Shankar-Ehsaan-Loy,0.5967,0.7576,0.0606,0.6245
Pritam,0.7745,0.7546,0.0646,0.5161
Arijit Singh,0.3404,0.3431,0.7553,0.3406
Pritam,0.7771,0.7664,0.0435,0.5215
Arijit Singh,0.3849,0.3036,0.7217,0.3149
A.R. Rahman,0.5824,0.4906,0.5279,0.5014
Jubin Nautiyal,0.4953,0.3894,0.6247,0.32
Shankar-Ehsaan-Loy,0.729,0.7678,0.1507,0.7002
Jubin Nautiyal,0.4276,0.4104,0.6144,0.4514
Shankar-Ehsaan-Loy,0.6247,0.6939,0.0929,0.6161
Shankar-Ehsaan-Loy,0.7016,0.8163,0.1345,0.6976
AP Dhillon,0.6817,0.5097,0.0412,0.1938
Badshah,0.8562,0.8267,0.0538,0.7426
Arijit Singh,0.3992,0.348,0.5753,0.2738
Arijit Singh,0.3677,0.3048,0.6577,0.2229
Arijit Singh,0.4263,0.4646,0.6221,0.3194
Jubin Nautiyal,0.4534,0.3745,0.5858,0.4746
Arijit Singh,0.4058,0.5812,0.76,0.3595
Shreya Ghoshal,0.4886,0.3986,0.7892,0.6461
Arijit Singh,0.4382,0.3506,0.6513,0.3123
Yo Yo Honey Singh,0.8558,0.8116,0.05,0.6995
Badshah,0.8591,0.8911,0.0817,0.7662
Arijit Singh,0.4004,0.2478,0.792,0.3131
Arijit Singh,0.3986,0.3138,0.7261,0.2691
AP Dhillon,0.5716,0.5705,0.1368,0.2341
A.R. Rahman,0.4954,0.7064,0.3643,0.6715
Arijit Singh,0.393,0.2957,0.7647,0.1637
Arijit Singh,0.3848,0.3857,0.6627,0.4265
Nucleya,0.7047,0.8823,0.0412,0.5644
Badshah,0.8657,0.8749,0.035,0.7434
Shreya Ghoshal,0.5948,0.3591,0.7513,0.462
Yo Yo Honey Singh,0.8185,0.8062,0.0587,0.7666
AP Dhillon,0.6833,0.5533,0.123,0.2772
Arijit Singh,0.3513,0.3172,0.7177,0.242
Jubin Nautiyal,0.4276,0.2959,0.5099,0.3803
Shreya Ghoshal,0.5049,0.3325,0.7814,0.4973
Badshah,0.863,0.881,0.1128,0.8499
AP Dhillon,0.6613,0.4931,0.2336,0.3122
Pritam,0.8183,0.8065,0.0147,0.5629
Arijit Singh,0.4275,0.3154,0.6571,0.3144
Nucleya,0.6083,0.8795,0.0106,0.4561
A.R. Rahman,0.5369,0.4696,0.5565,0.6622
Pritam,0.7571,0.7432,0.0744,0.488
Arijit Singh,0.386,0.3809,0.7698,0.2013
Shreya Ghoshal,0.4368,0.3559,0.857,0.6697
Arijit Singh,0.425,0.3684,0.7769,0.3241
Yo Yo Honey Singh,0.7629,0.7942,0.078,0.7132
Pritam,0.7602,0.8415,0.1095,0.502
AP Dhillon,0.5614,0.5574,0.1168,0.2551
Yo Yo Honey Singh,0.9221,0.8219,0.0418,0.7486
Yo Yo Honey Singh,0.7842,0.8134,0.0543,0.7169
Yo Yo Honey Singh,0.8347,0.6986,0.0223,0.7
A.R. Rahman,0.5798,0.6958,0.3503,0.5432
AP Dhillon,0.6244,0.4832,0.1758,0.263
Jubin Nautiyal,0.3961,0.2887,0.5641,0.4257
Jubin Nautiyal,0.376,0.3736,0.6255,0.3931
Badshah,0.8473,0.8447,0.0814,0.7447
Jubin Nautiyal,0.4166,0.3473,0.5767,0.4334
Shankar-Ehsaan-Loy,0.6079,0.7559,0.1442,0.6621
Arijit Singh,0.3535,0.3155,0.7007,0.1189
Yo Yo Honey Singh,0.7725,0.8255,0.0237,0.8101
A.R. Rahman,0.5472,0.5892,0.4867,0.7145
Jubin Nautiyal,0.5299,0.362,0.54,0.4401
Badshah,0.9681,0.8308,0.0821,0.8921
Nucleya,0.6207,0.9489,0.0309,0.3627
Arijit Singh,0.4236,0.361,0.8733,0.2234
Arijit Singh,0.3269,0.3784,0.6556,0.3885
Badshah,0.8845,0.8009,0.0324,0.7301
Yo Yo Honey Singh,0.8193,0.8351,0.0448,0.6801
Shreya Ghoshal,0.4904,0.4603,0.8128,0.4974
A.R. Rahman,0.5786,0.5754,0.3929,0.5291
Nucleya,0.6646,0.9311,0.0207,0.4202
Badshah,0.8947,0.8201,0.0715,0.7446
Arijit Singh,0.4048,0.3417,0.7653,0.3866
Pritam,0.7952,0.8067,0.085,0.5033
Shankar-Ehsaan-Loy,0.6525,0.8008,0.0954,0.6531
Shankar-Ehsaan-Loy,0.6736,0.7163,0.0779,0.7287
Pritam,0.7922,0.8264,0.0651,0.5193
Arijit Singh,0.4112,0.3877,0.7191,0.2172
Pritam,0.7859,0.7535,0.0539,0.5992
A.R. Rahman,0.5675,0.6836,0.4716,0.6019
Nucleya,0.712,0.8878,0.0278,0.6234
Shankar-Ehsaan-Loy,0.6313,0.7716,0.194,0.6299
A.R. Rahman,0.634,0.6112,0.3026,0.5106
Nucleya,0.6916,0.9224,0.0311,0.449
Pritam,0.691,0.7582,0.0723,0.5951
Badshah,0.9093,0.8397,0.0522,0.8853
Badshah,0.8313,0.8724,0.0706,0.8629
Shreya Ghoshal,0.5179,0.3749,0.7744,0.6304
Yo Yo Honey Singh,0.757,0.7555,0.0,0.8004
Pritam,0.7878,0.7504,0.0246,0.57
Pritam,0.7577,0.7857,0.0819,0.5351
Arijit Singh,0.4576,0.3569,0.8026,0.2847
A.R. Rahman,0.5174,0.5879,0.4541,0.5639
Pritam,0.8492,0.7807,0.0733,0.535
AP Dhillon,0.696,0.5743,0.1466,0.2753
Arijit Singh,0.4683,0.3743,0.6317,0.3443
AP Dhillon,0.6167,0.6433,0.0863,0.2218
Pritam,0.7218,0.8238,0.0587,0.6451
Jubin Nautiyal,0.4933,0.3885,0.6768,0.4454
Arijit Singh,0.3969,0.3251,0.7643,0.4389
Shankar-Ehsaan-Loy,0.6451,0.6496,0.1162,0.7301
Jubin Nautiyal,0.4118,0.3392,0.6879,0.5404
Badshah,0.822,0.8263,0.0399,0.8224
Shankar-Ehsaan-Loy,0.7471,0.7508,0.0761,0.6591
Nucleya,0.7074,0.7982,0.0402,0.6149
Badshah,0.9261,0.8649,0.0648,0.8443
Yo Yo Honey Singh,0.8261,0.8668,0.0384,0.7384
Pritam,0.7103,0.7868,0.0825,0.5252
Arijit Singh,0.3904,0.2324,0.627,0.2938
Shreya Ghoshal,0.4809,0.3722,0.8646,0.5515
A.R. Rahman,0.6594,0.5781,0.4405,0.576
Jubin Nautiyal,0.4661,0.3013,0.5783,0.55
AP Dhillon,0.5201,0.4264,0.1949,0.38
Jubin Nautiyal,0.4857,0.2898,0.6845,0.381
AP Dhillon,0.6158,0.5521,0.1411,0.2687
AP Dhillon,0.5957,0.5233,0.1667,0.2344
Yo Yo Honey Singh,0.7581,0.6947,0.0115,0.7307
Pritam,0.6955,0.7728,0.1129,0.4466
Shreya Ghoshal,0.4923,0.3071,0.7671,0.5565
Pritam,0.7621,0.8319,0.09,0.7035
Yo Yo Honey Singh,0.7214,0.7534,0.0,0.673
Shankar-Ehsaan-Loy,0.6888,0.6867,0.1329,0.6126
AP Dhillon,0.6922,0.4004,0.0715,0.2222
Shreya Ghoshal,0.3864,0.4328,0.8001,0.4928
A.R. Rahman,0.6153,0.5811,0.5508,0.5115
Nucleya,0.7633,0.9257,0.0338,0.6092
AP Dhillon,0.6331,0.4258,0.0841,0.1601
A.R. Rahman,0.5564,0.6202,0.4507,0.6172
Shreya Ghoshal,0.4775,0.4009,0.8769,0.589
Pritam,0.7469,0.7002,0.0578,0.6457
A.R. Rahman,0.5181,0.6145,0.5076,0.5554
Pritam,0.7737,0.7301,0.0799,0.5627
Pritam,0.7358,0.8221,0.0485,0.4228
Shankar-Ehsaan-Loy,0.6726,0.6909,0.0998,0.7349
Shankar-Ehsaan-Loy,0.6785,0.6843,0.0648,0.8059
Jubin Nautiyal,0.3637,0.3931,0.5414,0.5791
A.R. Rahman,0.5887,0.6501,0.4043,0.6466
Badshah,0.8365,0.8492,0.0373,0.8375
Jubin Nautiyal,0.4289,0.3162,0.6015,0.4571
AP Dhillon,0.6384,0.5697,0.0505,0.261
A.R. Rahman,0.4288,0.7196,0.4633,0.6354
A.R. Rahman,0.6198,0.5627,0.5112,0.5848
Shankar-Ehsaan-Loy,0.6971,0.8483,0.1153,0.7018
AP Dhillon,0.6481,0.5123,0.0278,0.1877
Badshah,0.8143,0.8435,0.0647,0.7841
Badshah,0.8797,0.8733,0.048,0.8783
Badshah,0.8535,0.8052,0.0614,0.8569
Badshah,0.8275,0.9242,0.0607,0.7512
Yo Yo Honey Singh,0.8109,0.8644,0.0373,0.6407
Pritam,0.7233,0.7729,0.1279,0.6513
Yo Yo Honey Singh,0.6891,0.7416,0.0181,0.7693
Yo Yo Honey Singh,0.8385,0.7736,0.0399,0.7439
Pritam,0.8474,0.832,0.0578,0.5066
AP Dhillon,0.6499,0.6016,0.164,0.1746
Arijit Singh,0.4141,0.3314,0.7427,0.2709
Shankar-Ehsaan-Loy,0.5734,0.721,0.0967,0.697
AP Dhillon,0.5771,0.4501,0.1793,0.3505
Pritam,0.7313,0.8068,0.111,0.5715
A.R. Rahman,0.5735,0.6253,0.4975,0.4772
Badshah,0.9212,0.8089,0.0834,0.8949
Arijit Singh,0.3442,0.3908,0.6689,0.2952
Arijit Singh,0.3767,0.2773,0.6744,0.2833
Shankar-Ehsaan-Loy,0.5958,0.8531,0.0641,0.6954
AP Dhillon,0.5089,0.5102,0.1597,0.2415
Yo Yo Honey Singh,0.8406,0.8166,0.0987,0.6583
AP Dhillon,0.7066,0.5237,0.0596,0.1747
Pritam,0.8035,0.8274,0.0839,0.5901
Shreya Ghoshal,0.4841,0.2998,0.8381,0.4633
Yo Yo Honey Singh,0.9355,0.7968,0.0225,0.6356
Jubin Nautiyal,0.4416,0.2923,0.6122,0.3526
Jubin Nautiyal,0.4099,0.3534,0.5101,0.4211
Shankar-Ehsaan-Loy,0.6957,0.7146,0.0947,0.6851
AP Dhillon,0.5801,0.4553,0.0792,0.1754
AP Dhillon,0.7552,0.429,0.1019,0.2792
Nucleya,0.7506,0.8967,0.0191,0.5024
Shreya Ghoshal,0.5418,0.4,0.8704,0.5759
Badshah,0.7639,0.8957,0.0734,0.745
Badshah,0.7901,0.8438,0.0275,0.6947
Badshah,0.8403,0.7835,0.0497,0.851
A.R. Rahman,0.6128,0.702,0.5121,0.509
Arijit Singh,0.4155,0.3767,0.6947,0.3612
Shankar-Ehsaan-Loy,0.6433,0.8275,0.1169,0.7717
Arijit Singh,0.346,0.3639,0.7405,0.23
A.R. Rahman,0.4727,0.6176,0.5574,0.5589
Arijit Singh,0.406,0.442,0.7124,0.3081
Nucleya,0.7031,0.8876,0.0442,0.5235
Pritam,0.7521,0.7708,0.0546,0.599
AP Dhillon,0.7008,0.4561,0.1223,0.2536
Pritam,0.7174,0.7803,0.0341,0.6805
Nucleya,0.7588,0.9194,0.0213,0.4829
Shankar-Ehsaan-Loy,0.5945,0.7581,0.1398,0.7252
Shankar-Ehsaan-Loy,0.6328,0.8536,0.0645,0.734
Yo Yo Honey Singh,0.8671,0.7033,0.0405,0.7575
Nucleya,0.7185,0.9092,0.0322,0.434
Shreya Ghoshal,0.4984,0.3671,0.7902,0.4979
Jubin Nautiyal,0.4671,0.368,0.5396,0.2186
Shankar-Ehsaan-Loy,0.6458,0.7256,0.0786,0.7006
Arijit Singh,0.383,0.4978,0.7065,0.3011
Pritam,0.7673,0.7539,0.1723,0.6952
Pritam,0.7805,0.7662,0.0834,0.6321
Nucleya,0.6335,0.9747,0.0497,0.4969
AP Dhillon,0.621,0.4771,0.0679,0.1679
Arijit Singh,0.3245,0.4551,0.7855,0.369
Badshah,0.8533,0.827,0.0678,0.8123
Shankar-Ehsaan-Loy,0.5346,0.7398,0.0894,0.652
Pritam,0.7604,0.7681,0.0823,0.5642
Yo Yo Honey Singh,0.7451,0.769,0.0099,0.6597
AP Dhillon,0.677,0.4698,0.1404,0.2886
Shreya Ghoshal,0.5333,0.4254,0.7882,0.5394
AP Dhillon,0.5786,0.5068,0.0568,0.1245
Shankar-Ehsaan-Loy,0.6688,0.7851,0.1206,0.7374
Shankar-Ehsaan-Loy,0.6159,0.8494,0.0903,0.6802
Shreya Ghoshal,0.5416,0.3965,0.8636,0.5932
A.R. Rahman,0.4165,0.5312,0.4269,0.751
A.R. Rahman,0.519,0.5616,0.4837,0.6371
Jubin Nautiyal,0.3889,0.3654,0.5971,0.3605
A.R. Rahman,0.6605,0.6788,0.5295,0.5636
Nucleya,0.6638,0.8644,0.0435,0.668
Yo Yo Honey Singh,0.801,0.7599,0.0516,0.7476
Shankar-Ehsaan-Loy,0.6814,0.8257,0.0733,0.6287
Badshah,0.7953,0.8552,0.0437,0.8361
Badshah,0.844,0.8102,0.0579,0.8506
Yo Yo Honey Singh,0.7388,0.8712,0.071,0.7729
AP Dhillon,0.6025,0.4888,0.1015,0.1556
Pritam,0.7366,0.7421,0.1205,0.5542
Shankar-Ehsaan-Loy,0.7199,0.7328,0.1304,0.6596
Arijit Singh,0.3665,0.3931,0.8252,0.2852
Badshah,0.8535,0.8575,0.0423,0.8266
Shreya Ghoshal,0.4595,0.422,0.7348,0.474
Shankar-Ehsaan-Loy,0.6086,0.7521,0.1261,0.5658
Shankar-Ehsaan-Loy,0.6906,0.8264,0.1051,0.6472
AP Dhillon,0.644,0.447,0.0105,0.3336
AP Dhillon,0.6409,0.5912,0.1493,0.2211
Shankar-Ehsaan-Loy,0.737,0.6044,0.0045,0.6453
Pritam,0.7497,0.8359,0.0642,0.5633
Yo Yo Honey Singh,0.6816,0.8177,0.0204,0.7298
Badshah,0.8545,0.8636,0.0579,0.9171
AP Dhillon,0.6707,0.4431,0.1175,0.2388
Yo Yo Honey Singh,0.7122,0.7652,0.0495,0.6778
AP Dhillon,0.6595,0.5399,0.1298,0.2431
A.R. Rahman,0.5077,0.5816,0.3288,0.5686
A.R. Rahman,0.5874,0.6983,0.409,0.6367
Shreya Ghoshal,0.3709,0.3769,0.7873,0.4809
Jubin Nautiyal,0.4387,0.3886,0.6181,0.3741
Arijit Singh,0.3386,0.3164,0.7723,0.3227
Yo Yo Honey Singh,0.7704,0.822,0.0086,0.7474
Shreya Ghoshal,0.4633,0.4178,0.7742,0.5015
Jubin Nautiyal,0.45,0.3874,0.5089,0.4043
Arijit Singh,0.3022,0.3864,0.6304,0.4028
Shankar-Ehsaan-Loy,0.7192,0.7073,0.0383,0.6688
Yo Yo Honey Singh,0.7786,0.8482,0.066,0.7776
Badshah,0.8768,0.8488,0.0346,0.8011
Pritam,0.7227,0.7469,0.1026,0.557
Shreya Ghoshal,0.4422,0.3626,0.8206,0.5466
Arijit Singh,0.32,0.3299,0.6868,0.2343
Pritam,0.812,0.6822,0.0689,0.615
AP Dhillon,0.5745,0.3882,0.1036,0.2351
Badshah,0.8551,0.8641,0.0511,0.9227
Nucleya,0.693,0.9014,0.0182,0.5375
Jubin Nautiyal,0.4835,0.3548,0.5905,0.4255
Arijit Singh,0.393,0.3969,0.6334,0.1876
Nucleya,0.5907,0.875,0.0339,0.4061
A.R. Rahman,0.5511,0.6722,0.3874,0.7215
Nucleya,0.6893,0.9041,0.0312,0.5121
Badshah,0.8781,0.8258,0.0606,0.8549
AP Dhillon,0.6652,0.4484,0.0492,0.2653
Badshah,0.8362,0.8154,0.0392,0.8549
A.R. Rahman,0.5827,0.7217,0.3841,0.7398
Arijit Singh,0.4375,0.3078,0.7176,0.404
AP Dhillon,0.6344,0.4895,0.1796,0.2441
Shreya Ghoshal,0.5101,0.4465,0.7346,0.6488
A.R. Rahman,0.5771,0.6873,0.621,0.6819
A.R. Rahman,0.5927,0.6126,0.4131,0.6179
Nucleya,0.6896,0.9465,0.0196,0.635
Yo Yo Honey Singh,0.7781,0.8091,0.0488,0.7141
A.R. Rahman,0.4988,0.6606,0.5148,0.7479
Shreya Ghoshal,0.5712,0.5754,0.8348,0.5728
Shankar-Ehsaan-Loy,0.6795,0.718,0.1336,0.585
AP Dhillon,0.6503,0.4343,0.1308,0.1782
Yo Yo Honey Singh,0.7946,0.8556,0.0537,0.8041
A.R. Rahman,0.6108,0.671,0.3989,0.603
Arijit Singh,0.3746,0.2879,0.6812,0.1961
Shreya Ghoshal,0.5504,0.4528,0.7857,0.5243
Nucleya,0.5559,0.9236,0.0256,0.5006
AP Dhillon,0.687,0.517,0.0434,0.2363
A.R. Rahman,0.5886,0.6272,0.4913,0.4939
Nucleya,0.7001,0.9084,0.0216,0.4406
Arijit Singh,0.3791,0.3327,0.7426,0.2221
AP Dhillon,0.6256,0.4947,0.2186,0.153
Badshah,0.8089,0.8042,0.0333,0.8868
Nucleya,0.6798,0.9183,0.0375,0.3388
A.R. Rahman,0.4599,0.4882,0.4133,0.6831
Shreya Ghoshal,0.5713,0.4625,0.8211,0.6249
Pritam,0.78,0.7901,0.0491,0.6032
Pritam,0.7496,0.7644,0.1057,0.6387
Arijit Singh,0.3061,0.3068,0.6878,0.354
Jubin Nautiyal,0.4614,0.3647,0.5924,0.3743
Jubin Nautiyal,0.4995,0.2686,0.6218,0.4491
Shankar-Ehsaan-Loy,0.6564,0.7796,0.1116,0.5403
Shankar-Ehsaan-Loy,0.6003,0.765,0.0527,0.6623
Yo Yo Honey Singh,0.816,0.8501,0.0712,0.6029
A.R. Rahman,0.5941,0.5357,0.5316,0.5495
Yo Yo Honey Singh,0.8673,0.8722,0.0458,0.7219
Nucleya,0.7835,0.9249,0.0375,0.508
A.R. Rahman,0.5637,0.5393,0.3696,0.6498
AP Dhillon,0.6562,0.3227,0.1541,0.2588
Arijit Singh,0.4212,0.3544,0.6297,0.1893
AP Dhillon,0.7575,0.5932,0.216,0.1644
Badshah,0.8511,0.7824,0.0792,0.8764
Jubin Nautiyal,0.4707,0.2789,0.562,0.2832
Jubin Nautiyal,0.448,0.3302,0.6106,0.4833
Nucleya,0.787,0.9101,0.0062,0.5536
Shankar-Ehsaan-Loy,0.6916,0.7214,0.074,0.6859
Shreya Ghoshal,0.5511,0.4118,0.8234,0.5428
Pritam,0.7651,0.7875,0.0377,0.6562
Shankar-Ehsaan-Loy,0.705,0.7668,0.062,0.7023
A.R. Rahman,0.5642,0.7305,0.4014,0.7454
Yo Yo Honey Singh,0.7373,0.7722,0.012,0.8455
A.R. Rahman,0.6,0.436,0.5527,0.5731
Pritam,0.7882,0.8618,0.0734,0.6049
Pritam,0.793,0.7398,0.0892,0.5827
Badshah,0.8339,0.8245,0.0473,0.8304
Nucleya,0.6695,0.9744,0.0281,0.568
Shreya Ghoshal,0.467,0.3468,0.7695,0.5397
Arijit Singh,0.3535,0.3808,0.7268,0.3478
Jubin Nautiyal,0.3878,0.2317,0.7239,0.3228
Pritam,0.7063,0.7841,0.0656,0.7778
Pritam,0.801,0.8012,0.051,0.5623
Yo Yo Honey Singh,0.7478,0.8892,0.0736,0.667
Jubin Nautiyal,0.4392,0.359,0.5884,0.3319
Shreya Ghoshal,0.4439,0.4852,0.7678,0.6066
Shreya Ghoshal,0.4738,0.4134,0.7947,0.5241
Jubin Nautiyal,0.4729,0.4305,0.5676,0.3441
AP Dhillon,0.5813,0.422,0.1329,0.2649
Pritam,0.7734,0.7388,0.0645,0.6928
Badshah,0.8776,0.8907,0.0595,0.7489
Shankar-Ehsaan-Loy,0.7159,0.7251,0.128,0.877
Nucleya,0.5996,0.9072,0.0314,0.3533
Arijit Singh,0.4526,0.4076,0.8707,0.2263
Shankar-Ehsaan-Loy,0.5909,0.5797,0.0676,0.747
Shankar-Ehsaan-Loy,0.7856,0.6593,0.1464,0.7481
Shankar-Ehsaan-Loy,0.6197,0.7634,0.0303,0.6418
Nucleya,0.7712,0.8346,0.0376,0.4328
Pritam,0.7072,0.7672,0.0892,0.7448
A.R. Rahman,0.5159,0.5718,0.3984,0.4963
Nucleya,0.617,0.8811,0.0255,0.4395
AP Dhillon,0.6446,0.3543,0.1477,0.2116
Arijit Singh,0.394,0.2825,0.8912,0.289
Shankar-Ehsaan-Loy,0.606,0.6921,0.1432,0.746
Yo Yo Honey Singh,0.7325,0.7772,0.0131,0.6661
Nucleya,0.6995,0.9432,0.0421,0.4981
A.R. Rahman,0.4634,0.6088,0.5663,0.6251
Shreya Ghoshal,0.5264,0.4667,0.8275,0.6672
A.R. Rahman,0.6717,0.5743,0.6066,0.6651
Pritam,0.7319,0.804,0.0013,0.7784
Pritam,0.7709,0.7577,0.074,0.6257
Yo Yo Honey Singh,0.8417,0.7685,0.0573,0.5575
Pritam,0.785,0.6954,0.0749,0.5431
Shreya Ghoshal,0.5676,0.4169,0.6936,0.6383
Shreya Ghoshal,0.5009,0.3628,0.7756,0.598
Shankar-Ehsaan-Loy,0.7075,0.7158,0.1341,0.594
Shankar-Ehsaan-Loy,0.6323,0.7954,0.0442,0.7538
AP Dhillon,0.5729,0.4526,0.0814,0.3081
Shreya Ghoshal,0.4803,0.4293,0.8495,0.4893
A.R. Rahman,0.5889,0.5265,0.4266,0.5764
Nucleya,0.7397,0.9561,0.025,0.5434
Yo Yo Honey Singh,0.8683,0.7631,0.0537,0.7645
Badshah,0.8986,0.8278,0.0254,0.9176
Shankar-Ehsaan-Loy,0.647,0.8062,0.1654,0.7718
A.R. Rahman,0.5075,0.6365,0.4233,0.5444
Arijit Singh,0.3744,0.3367,0.763,0.333
A.R. Rahman,0.4923,0.5513,0.4177,0.5155
Yo Yo Honey Singh,0.841,0.7902,0.0459,0.82
Shankar-Ehsaan-Loy,0.6142,0.8122,0.0762,0.743
AP Dhillon,0.6418,0.4367,0.0426,0.2681
Arijit Singh,0.4088,0.3687,0.9355,0.3584
A.R. Rahman,0.5787,0.5311,0.5723,0.6558
Nucleya,0.5836,0.9358,0.0407,0.4317
A.R. Rahman,0.5003,0.4993,0.4426,0.5753
Jubin Nautiyal,0.434,0.351,0.5179,0.3694
Jubin Nautiyal,0.4438,0.2659,0.6497,0.3654
A.R. Rahman,0.5993,0.6631,0.4667,0.7128
AP Dhillon,0.5871,0.5365,0.1361,0.2618
AP Dhillon,0.5923,0.4798,0.1909,0.0759
AP Dhillon,0.6405,0.4064,0.0994,0.2592
Arijit Singh,0.3688,0.3928,0.7531,0.2749
Pritam,0.7411,0.8841,0.0929,0.5107
Yo Yo Honey Singh,0.7424,0.8055,0.0477,0.6494
AP Dhillon,0.5935,0.5254,0.1356,0.1177
AP Dhillon,0.5999,0.4039,0.1361,0.2457
A.R. Rahman,0.5434,0.6336,0.3909,0.7024
Pritam,0.693,0.8016,0.0596,0.6677
Nucleya,0.6996,0.8866,0.0465,0.6662
Arijit Singh,0.3294,0.3689,0.6564,0.1811
Shankar-Ehsaan-Loy,0.6009,0.7619,0.0968,0.6395
Yo Yo Honey Singh,0.7378,0.8225,0.0258,0.6877
Jubin Nautiyal,0.4647,0.343,0.5415,0.353
Badshah,0.8964,0.8327,0.0358,0.8228
Nucleya,0.7181,0.9153,0.0254,0.5196
Shreya Ghoshal,0.4626,0.4317,0.7555,0.4576
Shankar-Ehsaan-Loy,0.6307,0.788,0.1009,0.5816
Shankar-Ehsaan-Loy,0.6482,0.7221,0.1018,0.5578
AP Dhillon,0.6707,0.4904,0.094,0.2261
Yo Yo Honey Singh,0.8136,0.7971,0.051,0.6396
Jubin Nautiyal,0.4063,0.3439,0.5215,0.5502
Pritam,0.7582,0.813,0.1127,0.5476
Badshah,0.8932,0.8147,0.0658,0.8018
Jubin Nautiyal,0.3403,0.3487,0.6659,0.3153
Arijit Singh,0.3665,0.2913,0.6889,0.3064
Shankar-Ehsaan-Loy,0.6927,0.6197,0.0997,0.6911
Pritam,0.7866,0.7874,0.1154,0.7641
Shreya Ghoshal,0.5251,0.5041,0.839,0.4448
Arijit Singh,0.3979,0.3836,0.7958,0.3538
Badshah,0.8575,0.8136,0.0797,0.8263
A.R. Rahman,0.4438,0.66,0.4267,0.5096
AP Dhillon,0.7254,0.5402,0.19,0.1561
Pritam,0.7486,0.7729,0.0841,0.651
Shankar-Ehsaan-Loy,0.7313,0.861,0.1337,0.7614
Shankar-Ehsaan-Loy,0.7031,0.7405,0.0743,0.7966
Shreya Ghoshal,0.5579,0.5169,0.7259,0.5085
AP Dhillon,0.6262,0.5375,0.0102,0.2387
A.R. Rahman,0.5359,0.5995,0.5079,0.6535
Jubin Nautiyal,0.471,0.4329,0.5815,0.349
Shreya Ghoshal,0.4507,0.4873,0.8,0.5493
Jubin Nautiyal,0.4467,0.3224,0.6296,0.467
Arijit Singh,0.3844,0.3321,0.7264,0.1409
A.R. Rahman,0.5265,0.6274,0.5843,0.6683
Arijit Singh,0.3914,0.4284,0.6075,0.2929
AP Dhillon,0.549,0.4709,0.1217,0.2578
Yo Yo Honey Singh,0.8657,0.7526,0.0612,0.694
AP Dhillon,0.7357,0.5,0.0609,0.2815
Nucleya,0.6664,0.936,0.0529,0.3589
Shreya Ghoshal,0.5041,0.4712,0.8291,0.4908
AP Dhillon,0.5628,0.4725,0.1289,0.336
Shreya Ghoshal,0.4938,0.3214,0.7894,0.6663
A.R. Rahman,0.5817,0.5214,0.4647,0.6357
Nucleya,0.6898,0.9798,0.0169,0.5315
Shankar-Ehsaan-Loy,0.6896,0.7465,0.143,0.6947
Shankar-Ehsaan-Loy,0.6892,0.633,0.018,0.7317
Jubin Nautiyal,0.4793,0.3513,0.5123,0.3967
Badshah,0.8405,0.7825,0.0739,0.8558
Shankar-Ehsaan-Loy,0.6995,0.7458,0.0525,0.754
A.R. Rahman,0.6166,0.5183,0.4979,0.5786
Yo Yo Honey Singh,0.7971,0.8413,0.0187,0.7169
Shreya Ghoshal,0.3719,0.6083,0.8634,0.5656
Arijit Singh,0.3855,0.3935,0.7537,0.2957
AP Dhillon,0.7265,0.558,0.1745,0.2176
AP Dhillon,0.7495,0.4418,0.0925,0.2397
Pritam,0.8086,0.7793,0.062,0.4909
A.R. Rahman,0.5899,0.6775,0.4335,0.551
A.R. Rahman,0.579,0.6371,0.4635,0.6447
Badshah,0.8358,0.8599,0.0707,0.8521
Shreya Ghoshal,0.5408,0.3511,0.84,0.5824
Nucleya,0.7379,0.9482,0.0485,0.4666
Arijit Singh,0.3981,0.3113,0.7453,0.3877
Arijit Singh,0.3824,0.3001,0.7389,0.2765
Pritam,0.8021,0.7812,0.1205,0.4941
Pritam,0.8437,0.7505,0.0325,0.6572
Nucleya,0.8519,0.8839,0.0582,0.4717
AP Dhillon,0.6554,0.5028,0.0482,0.1579
AP Dhillon,0.7413,0.5157,0.1027,0.1372
Nucleya,0.6076,0.8846,0.0015,0.5436
Arijit Singh,0.3512,0.3573,0.8992,0.2733
Shankar-Ehsaan-Loy,0.5997,0.7716,0.0785,0.7259
AP Dhillon,0.7509,0.5903,0.1001,0.1728
Nucleya,0.7159,0.9541,0.0251,0.5227
Yo Yo Honey Singh,0.7673,0.6975,0.0475,0.8073
A.R. Rahman,0.4428,0.6411,0.5058,0.595
Arijit Singh,0.3954,0.2474,0.6256,0.332
Jubin Nautiyal,0.4424,0.332,0.5309,0.3536
Shreya Ghoshal,0.5572,0.4508,0.8435,0.5861
Yo Yo Honey Singh,0.8093,0.7978,0.0254,0.7087
Yo Yo Honey Singh,0.8464,0.7115,0.0284,0.7045
Nucleya,0.7244,0.9872,0.0334,0.6534
Nucleya,0.6465,0.9016,0.0403,0.4696
Shreya Ghoshal,0.5854,0.4756,0.8579,0.6365
Nucleya,0.5469,1.0,0.045,0.4772
Shankar-Ehsaan-Loy,0.6241,0.692,0.0973,0.7055
Shreya Ghoshal,0.4936,0.4469,0.7057,0.4711
Arijit Singh,0.3828,0.4157,0.6015,0.3871
Pritam,0.7096,0.6757,0.0358,0.5038
Shankar-Ehsaan-Loy,0.6767,0.7675,0.0324,0.6115
Arijit Singh,0.4206,0.4314,0.715,0.3502
Badshah,0.8406,0.8382,0.0597,0.8542
Shankar-Ehsaan-Loy,0.7505,0.7863,0.1203,0.6499
Nucleya,0.6885,0.939,0.0417,0.3676
Shreya Ghoshal,0.3673,0.512,0.7146,0.5313
Badshah,0.8537,0.8033,0.0618,0.7418
A.R. Rahman,0.5638,0.6249,0.596,0.6857
Yo Yo Honey Singh,0.8614,0.7395,0.0488,0.6378
Shankar-Ehsaan-Loy,0.6382,0.6296,0.0845,0.6586
Yo Yo Honey Singh,0.8553,0.81,0.0451,0.6993
Badshah,0.9471,0.8478,0.0571,0.8682
AP Dhillon,0.7043,0.5266,0.0716,0.2283
Nucleya,0.6756,0.8884,0.0402,0.4677
Jubin Nautiyal,0.5207,0.3527,0.5629,0.4675
A.R. Rahman,0.6125,0.7464,0.4272,0.657
Yo Yo Honey Singh,0.8533,0.7871,0.0654,0.7495
Jubin Nautiyal,0.4584,0.3103,0.582,0.4895
Arijit Singh,0.3719,0.3742,0.852,0.2922
Yo Yo Honey Singh,0.8171,0.8622,0.0244,0.6809
Shreya Ghoshal,0.5114,0.4801,0.6378,0.5975
Nucleya,0.6245,0.902,0.0307,0.5955
Pritam,0.7514,0.8119,0.0781,0.4984
Jubin Nautiyal,0.4704,0.3393,0.5487,0.4136
Arijit Singh,0.4061,0.3678,0.7375,0.3043
A.R. Rahman,0.568,0.5007,0.4867,0.5876
Shankar-Ehsaan-Loy,0.6767,0.7194,0.0661,0.6391
Pritam,0.7223,0.7991,0.1137,0.478
Shreya Ghoshal,0.4663,0.4074,0.699,0.4936
Yo Yo Honey Singh,0.8825,0.7685,0.0394,0.722
Nucleya,0.6107,0.949,0.0453,0.6522
A.R. Rahman,0.577,0.5836,0.6004,0.7258
Nucleya,0.6564,0.8436,0.0347,0.6578
A.R. Rahman,0.3655,0.6003,0.4862,0.6739
Yo Yo Honey Singh,0.9265,0.7503,0.0176,0.6747
Pritam,0.6978,0.7916,0.0618,0.529
Shankar-Ehsaan-Loy,0.6832,0.8003,0.0728,0.476
Badshah,0.8578,0.8031,0.0601,0.7461
Badshah,0.8814,0.8109,0.0808,0.7567
Yo Yo Honey Singh,0.6811,0.8096,0.0473,0.7177
Pritam,0.7435,0.7545,0.0845,0.654
Nucleya,0.7318,0.9194,0.0005,0.4487
AP Dhillon,0.6411,0.5298,0.1311,0.3395
Yo Yo Honey Singh,0.7098,0.8166,0.0473,0.6792
Arijit Singh,0.3632,0.4501,0.7018,0.1748
AP Dhillon,0.5898,0.582,0.0612,0.2841
Shankar-Ehsaan-Loy,0.7563,0.7329,0.1055,0.604
AP Dhillon,0.5363,0.6052,0.1035,0.2352
Yo Yo Honey Singh,0.775,0.8599,0.0238,0.7066
AP Dhillon,0.66,0.4626,0.181,0.1886
AP Dhillon,0.6567,0.4422,0.1275,0.2755
Arijit Singh,0.2911,0.4398,0.7658,0.2761
Nucleya,0.6665,0.9318,0.0244,0.475
Yo Yo Honey Singh,0.8317,0.7806,0.0013,0.711
Shreya Ghoshal,0.5235,0.3895,0.7985,0.4262
Shankar-Ehsaan-Loy,0.5976,0.8667,0.0272,0.6382
Pritam,0.7388,0.7573,0.0261,0.5769
Yo Yo Honey Singh,0.8074,0.766,0.0523,0.7506
Arijit Singh,0.3033,0.4267,0.7433,0.2276
Badshah,0.8107,0.8126,0.0691,0.9249
Badshah,0.8879,0.8066,0.0662,0.7549
Shreya Ghoshal,0.3708,0.4858,0.7713,0.4896
Yo Yo Honey Singh,0.7314,0.859,0.0546,0.7953
Shankar-Ehsaan-Loy,0.7085,0.7149,0.07,0.6645
Arijit Singh,0.4277,0.3891,0.6979,0.3331
Arijit Singh,0.4007,0.4626,0.6658,0.1929
Shreya Ghoshal,0.553,0.4153,0.7892,0.7735
Nucleya,0.7216,0.9667,0.0389,0.4837
Jubin Nautiyal,0.419,0.3159,0.4859,0.3357
Nucleya,0.5508,0.9188,0.0244,0.3857
Shankar-Ehsaan-Loy,0.7129,0.7501,0.1158,0.613
Nucleya,0.588,0.8749,0.0397,0.5698
Arijit Singh,0.3793,0.2865,0.7776,0.1945
Shankar-Ehsaan-Loy,0.7477,0.7769,0.1385,0.6634
Nucleya,0.8433,0.9538,0.041,0.5394
Shankar-Ehsaan-Loy,0.5495,0.8035,0.0764,0.7289
Shreya Ghoshal,0.4051,0.4737,0.771,0.5603
Jubin Nautiyal,0.5438,0.2955,0.7015,0.4139
Pritam,0.7221,0.7311,0.0718,0.6864
AP Dhillon,0.6343,0.4095,0.0852,0.1857
Yo Yo Honey Singh,0.8124,0.7995,0.0576,0.7488
AP Dhillon,0.6602,0.3255,0.0717,0.364
Badshah,0.9423,0.7825,0.0497,0.8137
Nucleya,0.5885,0.8738,0.0386,0.5211
A.R. Rahman,0.5155,0.7155,0.3595,0.6651
Jubin Nautiyal,0.4739,0.3056,0.731,0.3576
Yo Yo Honey Singh,0.7812,0.7348,0.0488,0.634
Jubin Nautiyal,0.5138,0.399,0.5362,0.4277
Yo Yo Honey Singh,0.7525,0.8348,0.0297,0.6586
Pritam,0.8409,0.8008,0.0435,0.6954
Badshah,0.9156,0.7858,0.0561,0.7679
Arijit Singh,0.4178,0.2947,0.7809,0.3749
Shreya Ghoshal,0.4716,0.4191,0.8328,0.5504
A.R. Rahman,0.479,0.6069,0.386,0.6204
Nucleya,0.6988,0.8606,0.0361,0.6077
Nucleya,0.5909,0.838,0.0426,0.5493
Shreya Ghoshal,0.6083,0.4085,0.8432,0.4595
Yo Yo Honey Singh,0.8877,0.7817,0.0232,0.7612
AP Dhillon,0.6469,0.3507,0.1706,0.2389
Shreya Ghoshal,0.4457,0.3808,0.7643,0.6462
Nucleya,0.7219,0.8948,0.0288,0.5012
Shankar-Ehsaan-Loy,0.5978,0.7899,0.0682,0.6135
Arijit Singh,0.3891,0.3649,0.6878,0.2205
Yo Yo Honey Singh,0.7018,0.7259,0.04,0.6874
Nucleya,0.6652,0.9333,0.043,0.5534
Shreya Ghoshal,0.5194,0.4049,0.7825,0.4406
AP Dhillon,0.607,0.4913,0.1001,0.1671
Nucleya,0.632,0.9,0.0474,0.6924
A.R. Rahman,0.5633,0.6753,0.3774,0.6318
Pritam,0.7244,0.7608,0.0677,0.6715
Shreya Ghoshal,0.4284,0.4751,0.86,0.5031
Pritam,0.772,0.8167,0.0232,0.6218
Arijit Singh,0.4059,0.3065,0.7331,0.2271
Shankar-Ehsaan-Loy,0.6324,0.6852,0.0755,0.6937
Pritam,0.6756,0.724,0.1001,0.6423
A.R. Rahman,0.5484,0.5861,0.478,0.5704
Arijit Singh,0.3963,0.3369,0.7781,0.1252
A.R. Rahman,0.589,0.4932,0.4989,0.4762
Badshah,0.9036,0.8172,0.0609,0.8678
AP Dhillon,0.6142,0.4765,0.168,0.2824
Arijit Singh,0.3765,0.2503,0.7501,0.2945
Yo Yo Honey Singh,0.877,0.8628,0.0263,0.7692
AP Dhillon,0.6238,0.4133,0.2248,0.3616
Jubin Nautiyal,0.5602,0.3271,0.5941,0.4735
Jubin Nautiyal,0.4452,0.3269,0.5272,0.3804
Nucleya,0.6424,0.8809,0.0312,0.4665
Shreya Ghoshal,0.489,0.5025,0.7612,0.4941
Arijit Singh,0.4644,0.4029,0.7194,0.3836
Pritam,0.8062,0.7275,0.1061,0.517
Jubin Nautiyal,0.5028,0.2853,0.5669,0.3692
Badshah,0.8231,0.8174,0.0649,0.7965
AP Dhillon,0.6724,0.483,0.0687,0.3361
Jubin Nautiyal,0.4398,0.2721,0.6852,0.4614
Badshah,0.8828,0.8267,0.0496,0.8627
Yo Yo Honey Singh,0.8436,0.8366,0.0338,0.7443
Nucleya,0.6983,0.8907,0.021,0.449
Yo Yo Honey Singh,0.7914,0.7782,0.0488,0.675
Nucleya,0.7391,0.8566,0.0318,0.5361
Shankar-Ehsaan-Loy,0.7465,0.7193,0.1022,0.6583
Yo Yo Honey Singh,0.7511,0.8899,0.0511,0.6638
Badshah,0.8463,0.7566,0.0795,0.8349
Jubin Nautiyal,0.4657,0.3034,0.4981,0.1989
Yo Yo Honey Singh,0.825,0.7509,0.0721,0.7934
AP Dhillon,0.6804,0.5145,0.0554,0.2127
Badshah,0.9458,0.7782,0.0204,0.745
Jubin Nautiyal,0.4141,0.3412,0.5789,0.4832
A.R. Rahman,0.4873,0.5674,0.3803,0.6521
Arijit Singh,0.3683,0.336,0.8305,0.3337
Arijit Singh,0.3543,0.2864,0.7156,0.3469
A.R. Rahman,0.5211,0.5259,0.4575,0.5321
Nucleya,0.7623,0.9257,0.0233,0.553
AP Dhillon,0.5764,0.536,0.1217,0.1122
Yo Yo Honey Singh,0.8735,0.7689,0.0032,0.7997
Yo Yo Honey Singh,0.8041,0.7815,0.0084,0.6709
Nucleya,0.7166,0.9184,0.0379,0.6079
Badshah,0.8915,0.8176,0.0033,0.888
Badshah,0.9434,0.7997,0.0532,0.8316
Badshah,0.9347,0.8414,0.044,0.7626
Pritam,0.7997,0.8287,0.0649,0.5895
Nucleya,0.6947,0.9491,0.0237,0.6029
Shreya Ghoshal,0.4852,0.3694,0.9303,0.5377
Badshah,0.9219,0.8528,0.0844,0.8267
Shankar-Ehsaan-Loy,0.6822,0.7851,0.096,0.676
Yo Yo Honey Singh,0.7587,0.8923,0.0787,0.7354
Pritam,0.8739,0.7183,0.049,0.5692
Nucleya,0.6162,0.9609,0.0194,0.416
Yo Yo Honey Singh,0.856,0.8142,0.0332,0.7175
Yo Yo Honey Singh,0.8601,0.8004,0.0412,0.7041
Pritam,0.8193,0.857,0.0634,0.5822
A.R. Rahman,0.5858,0.6824,0.4074,0.6684
Nucleya,0.644,0.9365,0.0385,0.4272
Pritam,0.8244,0.7807,0.0429,0.6878
Yo Yo Honey Singh,0.727,0.8596,0.0535,0.617
Yo Yo Honey Singh,0.7526,0.7547,0.0,0.8204
Jubin Nautiyal,0.4032,0.3918,0.6564,0.4426
A.R. Rahman,0.547,0.6046,0.5279,0.4202
Badshah,0.8832,0.8965,0.0474,0.8249
Badshah,0.8919,0.7651,0.0729,0.765
A.R. Rahman,0.6833,0.7301,0.6375,0.5873
Pritam,0.751,0.7745,0.1188,0.5476
Pritam,0.7675,0.7849,0.0931,0.6591
AP Dhillon,0.6386,0.5595,0.1546,0.2908
A.R. Rahman,0.4554,0.4942,0.4985,0.6438
A.R. Rahman,0.694,0.5095,0.4979,0.5259
Pritam,0.9068,0.7263,0.0671,0.6291
Badshah,0.8525,0.8359,0.0557,0.8685
Badshah,0.8661,0.8519,0.0443,0.8554
Pritam,0.7543,0.8083,0.0603,0.5966
Nucleya,0.7784,0.8431,0.0358,0.4858
Pritam,0.6548,0.8821,0.0847,0.6279
Badshah,0.9236,0.8172,0.0441,0.822
Pritam,0.6408,0.8173,0.084,0.63
Badshah,0.8929,0.8065,0.071,0.8028
Yo Yo Honey Singh,0.7625,0.8169,0.0291,0.829
Pritam,0.7409,0.6812,0.0629,0.5175
Nucleya,0.7335,0.8755,0.0234,0.5796
Nucleya,0.6723,0.8996,0.0349,0.4321
Yo Yo Honey Singh,0.9072,0.7765,0.0432,0.7894
Nucleya,0.6015,0.9062,0.0304,0.3531
A.R. Rahman,0.6185,0.6418,0.3717,0.5735
A.R. Rahman,0.576,0.6311,0.4558,0.6979
Shankar-Ehsaan-Loy,0.6537,0.7736,0.0705,0.6927
Nucleya,0.6984,0.9108,0.0181,0.6555
Shreya Ghoshal,0.461,0.4993,0.8852,0.508
A.R. Rahman,0.6874,0.6003,0.5409,0.7073
Shreya Ghoshal,0.5321,0.4733,0.7808,0.6757
Shankar-Ehsaan-Loy,0.7304,0.7336,0.0864,0.715
Pritam,0.7972,0.7698,0.0809,0.7125
Yo Yo Honey Singh,0.7683,0.7952,0.0602,0.9317
Shankar-Ehsaan-Loy,0.5972,0.7784,0.1116,0.747
Shreya Ghoshal,0.5402,0.3557,0.7068,0.6073
Shankar-Ehsaan-Loy,0.7461,0.7292,0.1581,0.6745
Shreya Ghoshal,0.4333,0.4348,0.8299,0.6298
Shankar-Ehsaan-Loy,0.6585,0.8221,0.0562,0.4576
Yo Yo Honey Singh,0.8717,0.8142,0.0007,0.7476
A.R. Rahman,0.555,0.583,0.3838,0.6062
Nucleya,0.6337,0.9866,0.0262,0.556
Badshah,0.8426,0.9089,0.0447,0.7898
Shreya Ghoshal,0.5152,0.4481,0.8651,0.5569
Yo Yo Honey Singh,0.7422,0.8161,0.0127,0.6881
Arijit Singh,0.338,0.314,0.5713,0.2432
Shankar-Ehsaan-Loy,0.698,0.7081,0.1671,0.5462
Shreya Ghoshal,0.4129,0.4193,0.7249,0.5755
Pritam,0.7955,0.781,0.0758,0.5703
A.R. Rahman,0.4226,0.6216,0.307,0.5945
AP Dhillon,0.6223,0.4608,0.0,0.3937
Badshah,0.7964,0.8134,0.0419,0.8605
Yo Yo Honey Singh,0.8076,0.7854,0.0276,0.7739
Badshah,0.9091,0.7768,0.0849,0.9316
AP Dhillon,0.6875,0.5036,0.1315,0.3252
Badshah,0.8573,0.8412,0.0563,0.8806
Shankar-Ehsaan-Loy,0.6652,0.7052,0.1396,0.6648
Jubin Nautiyal,0.4177,0.4027,0.6906,0.3634
Jubin Nautiyal,0.3619,0.3035,0.6356,0.3122
A.R. Rahman,0.4473,0.5599,0.538,0.6413
AP Dhillon,0.6119,0.3178,0.1019,0.2455
Jubin Nautiyal,0.3986,0.3343,0.505,0.1955
A.R. Rahman,0.444,0.6257,0.6004,0.6015
Nucleya,0.7423,0.9506,0.0473,0.4625
Pritam,0.7272,0.7682,0.0518,0.6783
Shankar-Ehsaan-Loy,0.7535,0.6582,0.1652,0.6539
Yo Yo Honey Singh,0.8543,0.8019,0.0303,0.7052
A.R. Rahman,0.6101,0.5812,0.4631,0.4841
Nucleya,0.7018,0.8512,0.0264,0.402
A.R. Rahman,0.4951,0.5448,0.3867,0.5335
Yo Yo Honey Singh,0.7364,0.7423,0.0594,0.7439
AP Dhillon,0.5931,0.4503,0.1689,0.154
Badshah,0.8645,0.8474,0.0784,0.8709
A.R. Rahman,0.5468,0.5661,0.4144,0.6264
A.R. Rahman,0.5894,0.5296,0.619,0.5575
Arijit Singh,0.314,0.4599,0.8026,0.2472
AP Dhillon,0.5306,0.4633,0.0832,0.3005
Yo Yo Honey Singh,0.8354,0.8388,0.0722,0.8012
Badshah,0.8937,0.8702,0.0212,0.8198
Shreya Ghoshal,0.6124,0.4848,0.7732,0.6397
Shreya Ghoshal,0.5396,0.4763,0.7035,0.4966
Shankar-Ehsaan-Loy,0.6133,0.7622,0.0817,0.693
Shankar-Ehsaan-Loy,0.5776,0.7812,0.1748,0.7094
AP Dhillon,0.8246,0.6616,0.1109,0.2426
A.R. Rahman,0.5364,0.5395,0.5439,0.7324
Jubin Nautiyal,0.4869,0.3042,0.5867,0.3676
Arijit Singh,0.337,0.3269,0.7904,0.2396
Shankar-Ehsaan-Loy,0.6666,0.7124,0.1198,0.4802
Arijit Singh,0.3313,0.3972,0.8011,0.2226
Shankar-Ehsaan-Loy,0.5886,0.8132,0.1229,0.6307
Jubin Nautiyal,0.4937,0.2787,0.5893,0.351
Badshah,0.8455,0.8742,0.0668,0.895
Yo Yo Honey Singh,0.8022,0.8343,0.0,0.8473
Jubin Nautiyal,0.4042,0.2367,0.5742,0.3915
Jubin Nautiyal,0.4081,0.2638,0.6949,0.4707
Shreya Ghoshal,0.4765,0.3647,0.8969,0.5274
Yo Yo Honey Singh,0.8445,0.7696,0.036,0.804
Jubin Nautiyal,0.4768,0.3159,0.5847,0.4361
Shreya Ghoshal,0.433,0.4941,0.7906,0.5116
Badshah,0.8706,0.8384,0.0749,0.8247
Shankar-Ehsaan-Loy,0.563,0.7362,0.0901,0.7239
Shankar-Ehsaan-Loy,0.6208,0.7516,0.0981,0.5692
Badshah,0.8201,0.9049,0.0998,0.8396
A.R. Rahman,0.494,0.5949,0.559,0.5634
Shankar-Ehsaan-Loy,0.7012,0.6997,0.1027,0.5386
Pritam,0.7437,0.7862,0.1255,0.6267
Shreya Ghoshal,0.5,0.4561,0.7134,0.3893
Nucleya,0.7542,0.9098,0.0254,0.538
Arijit Singh,0.4433,0.3075,0.7511,0.3342
Nucleya,0.6529,0.8793,0.0218,0.397
Arijit Singh,0.338,0.3314,0.7432,0.3483
Shankar-Ehsaan-Loy,0.7204,0.7811,0.101,0.6588
Shankar-Ehsaan-Loy,0.6098,0.8355,0.0963,0.6179
Shreya Ghoshal,0.4883,0.488,0.8356,0.3442
Jubin Nautiyal,0.5157,0.3615,0.5083,0.5298
Arijit Singh,0.3494,0.2656,0.6554,0.1854
A.R. Rahman,0.5298,0.5373,0.5988,0.5315
Jubin Nautiyal,0.4094,0.3106,0.6,0.4234
A.R. Rahman,0.4692,0.4599,0.4288,0.6126
Shankar-Ehsaan-Loy,0.5816,0.6541,0.0748,0.7312
AP Dhillon,0.7327,0.3777,0.1417,0.2833
Jubin Nautiyal,0.3717,0.3188,0.4981,0.2739
Yo Yo Honey Singh,0.8027,0.8433,0.0305,0.8206
A.R. Rahman,0.4844,0.5466,0.4834,0.585
Yo Yo Honey Singh,0.8473,0.8537,0.0274,0.7021
Jubin Nautiyal,0.449,0.3996,0.6443,0.2901
Yo Yo Honey Singh,0.8473,0.8028,0.0484,0.692
Shankar-Ehsaan-Loy,0.6005,0.712,0.1076,0.7008
Pritam,0.8114,0.8051,0.0874,0.6055
Yo Yo Honey Singh,0.8393,0.7111,0.0543,0.706
Badshah,0.8072,0.8709,0.06,0.7428
Shreya Ghoshal,0.4921,0.4246,0.7865,0.5045
Nucleya,0.6943,0.8864,0.0322,0.4718
AP Dhillon,0.6157,0.5032,0.0748,0.3321
Nucleya,0.7435,0.9388,0.0301,0.4215
Jubin Nautiyal,0.3622,0.3086,0.6851,0.4595
AP Dhillon,0.7118,0.6148,0.2776,0.1714
Jubin Nautiyal,0.4183,0.3145,0.5955,0.3665
Arijit Singh,0.3677,0.3336,0.5312,0.2762
Badshah,0.953,0.8188,0.0791,0.8147
A.R. Rahman,0.5377,0.6535,0.4678,0.7037
Shreya Ghoshal,0.471,0.3628,0.8074,0.6637
A.R. Rahman,0.6141,0.556,0.4507,0.5492
Badshah,0.8154,0.8148,0.0412,0.7926
Nucleya,0.7359,0.9358,0.0269,0.4363
Yo Yo Honey Singh,0.8157,0.7821,0.0546,0.6641
Shankar-Ehsaan-Loy,0.635,0.7706,0.1139,0.6172
Shreya Ghoshal,0.5262,0.4443,0.8741,0.475
Badshah,0.8548,0.8851,0.0425,0.7797
Shankar-Ehsaan-Loy,0.7387,0.7365,0.1344,0.6856
Shankar-Ehsaan-Loy,0.57,0.7033,0.154,0.742
Badshah,0.8904,0.7703,0.0478,0.8984
Nucleya,0.7514,0.9467,0.0297,0.6091
Badshah,0.823,0.8355,0.0571,0.8117
Shankar-Ehsaan-Loy,0.6757,0.633,0.086,0.5247
Jubin Nautiyal,0.4141,0.4005,0.7409,0.3746
Arijit Singh,0.3408,0.3307,0.7769,0.1938
A.R. Rahman,0.5005,0.6684,0.592,0.6856
Shreya Ghoshal,0.5286,0.4503,0.8636,0.7432
Badshah,0.9071,0.8455,0.0139,0.8019
Badshah,0.9103,0.8562,0.0553,0.7753
Nucleya,0.6008,0.9104,0.0429,0.4954
Pritam,0.7077,0.7787,0.0613,0.6523
Arijit Singh,0.4145,0.3259,0.7357,0.2809
Pritam,0.8452,0.7246,0.1093,0.698
AP Dhillon,0.7044,0.4723,0.1734,0.2923
Shreya Ghoshal,0.5532,0.3948,0.6437,0.5639
Pritam,0.7508,0.779,0.0655,0.6769
A.R. Rahman,0.4989,0.6289,0.3565,0.6458
Jubin Nautiyal,0.4355,0.402,0.5327,0.5261
Arijit Singh,0.3462,0.3867,0.7922,0.3452
Jubin Nautiyal,0.4679,0.3338,0.6177,0.3356
A.R. Rahman,0.4995,0.6141,0.4163,0.5783
Jubin Nautiyal,0.4783,0.3913,0.573,0.3857
Pritam,0.7141,0.8666,0.0609,0.5971
Arijit Singh,0.3444,0.3564,0.7022,0.3853
AP Dhillon,0.5608,0.3819,0.0303,0.1551
Arijit Singh,0.369,0.3714,0.8235,0.2437
A.R. Rahman,0.6268,0.5499,0.3545,0.5838
Nucleya,0.6028,0.8998,0.0321,0.5047
Badshah,0.8801,0.8044,0.0315,0.8235
Shankar-Ehsaan-Loy,0.7288,0.5797,0.0993,0.6726
Badshah,0.8792,0.8051,0.0559,0.7684
AP Dhillon,0.6962,0.5333,0.1199,0.2088
Pritam,0.759,0.7945,0.0446,0.5846
Badshah,0.8959,0.885,0.0497,0.8542
Nucleya,0.5856,0.8779,0.0399,0.5204
Shreya Ghoshal,0.4887,0.4753,0.7923,0.6558
Nucleya,0.6704,0.8978,0.0343,0.6378
A.R. Rahman,0.3729,0.5763,0.4793,0.5079
AP Dhillon,0.7009,0.5337,0.1099,0.213
Arijit Singh,0.4047,0.3611,0.6599,0.329
Nucleya,0.6793,0.8752,0.0294,0.4959
AP Dhillon,0.5966,0.4909,0.2035,0.184
A.R. Rahman,0.5901,0.4571,0.4312,0.6241
Badshah,0.9061,0.7913,0.0694,0.7615
Yo Yo Honey Singh,0.8996,0.8917,0.0226,0.7534
Shreya Ghoshal,0.4583,0.3954,0.7686,0.5607
Shankar-Ehsaan-Loy,0.762,0.7259,0.1273,0.5992
Shreya Ghoshal,0.4845,0.5159,0.8337,0.5293
Badshah,0.8876,0.8222,0.0628,0.8177
AP Dhillon,0.5234,0.5745,0.1326,0.3469
A.R. Rahman,0.4709,0.7929,0.5813,0.6482
Jubin Nautiyal,0.4925,0.3032,0.6722,0.4138
Arijit Singh,0.3396,0.3199,0.7841,0.303
Pritam,0.6601,0.7817,0.0984,0.6263
Shreya Ghoshal,0.4314,0.4265,0.798,0.5354
Shankar-Ehsaan-Loy,0.6125,0.752,0.0454,0.7291
Jubin Nautiyal,0.4954,0.278,0.6229,0.3263
AP Dhillon,0.606,0.5189,0.1178,0.2628
Pritam,0.7362,0.7387,0.0594,0.5055
Jubin Nautiyal,0.4386,0.4186,0.6963,0.368
AP Dhillon,0.567,0.553,0.1885,0.2987
Badshah,0.8593,0.8009,0.0591,0.7583
Badshah,0.862,0.8689,0.0527,0.9394
Jubin Nautiyal,0.3714,0.2493,0.683,0.3853
A.R. Rahman,0.6043,0.6442,0.4787,0.5801
Pritam,0.7838,0.6927,0.0638,0.5822
Yo Yo Honey Singh,0.7145,0.7803,0.0086,0.6305
Arijit Singh,0.2965,0.3826,0.6736,0.3199
Yo Yo Honey Singh,0.7747,0.791,0.0579,0.674
AP Dhillon,0.5694,0.4639,0.1965,0.2965
Shankar-Ehsaan-Loy,0.6246,0.7225,0.1343,0.7974
Pritam,0.8184,0.7438,0.0607,0.4083
Arijit Singh,0.3441,0.3372,0.7418,0.3833
Badshah,0.9072,0.8561,0.0407,0.7802
Jubin Nautiyal,0.4428,0.3565,0.5751,0.4341
Pritam,0.7995,0.8285,0.0898,0.5027
Shreya Ghoshal,0.5783,0.3203,0.862,0.6289
Arijit Singh,0.3422,0.2647,0.6747,0.2043
Yo Yo Honey Singh,0.8199,0.7626,0.0344,0.6358
Shankar-Ehsaan-Loy,0.6594,0.7684,0.1725,0.656
Yo Yo Honey Singh,0.764,0.7437,0.0392,0.6315
Shankar-Ehsaan-Loy,0.6694,0.7606,0.0733,0.6939
Shankar-Ehsaan-Loy,0.6307,0.8145,0.1199,0.8253
Pritam,0.6949,0.6873,0.0763,0.6011
AP Dhillon,0.6387,0.457,0.127,0.3612
Badshah,0.7838,0.8978,0.0354,0.7904
Shankar-Ehsaan-Loy,0.6472,0.7728,0.1276,0.6986
